Segment,Country,Product,Discount Band,Units Sold,Manufacturing Price,Sale Price,Gross Sales,Discounts,Discounts %,Sales,COGS,COGS %,Profit,Profit Margin %,Profit Category,Date,Month Number,Month Name,Year
Government,Canada, Montana , High ,200,5,350,70000,9800,14.00%,60200,52000,86.38%,8200,11.71%,Low,5/1/2014,5, May ,2014
Small Business,Germany, Carretera , Low ,214,3,300,64200,1284,2.00%,62916,53500,85.03%,9416,14.67%,Low,10/1/2013,10, October ,2013
Small Business,Germany, VTT , Low ,214,250,300,64200,1284,2.00%,62916,53500,85.03%,9416,14.67%,Low,10/1/2013,10, October ,2013
Midmarket,Canada, Paseo , Low ,218,10,15,3270,130.8,4.00%,3139.2,2180,69.44%,959.2,29.33%,Medium,9/1/2014,9, September ,2014
Government,Germany, Paseo , High ,241,10,20,4820,482,10.00%,4338,2410,55.56%,1928,40.00%,Medium,10/1/2014,10, October ,2014
Government,Germany, Velo , High ,241,120,20,4820,482,10.00%,4338,2410,55.56%,1928,40.00%,Medium,10/1/2014,10, October ,2014
Midmarket,Mexico, Velo , Medium ,245,120,15,3675,330.75,9.00%,3344.25,2450,73.26%,894.25,24.33%,Medium,5/1/2014,5, May ,2014
Government,Canada, Paseo , Medium ,257,10,7,1799,143.92,8.00%,1655.08,1285,77.64%,370.08,20.57%,Medium,5/1/2014,5, May ,2014
Small Business,Germany, Amarilla , Low ,259,260,300,77700,1554,2.00%,76146,64750,85.03%,11396,14.67%,Low,3/1/2014,3, March ,2014
Government,Mexico, Paseo , High ,260,10,20,5200,728,14.00%,4472,2600,58.14%,1872,36.00%,Medium,2/1/2014,2, February ,2014
Government,Germany, VTT , Low ,263,250,7,1841,18.41,1.00%,1822.59,1315,72.15%,507.59,27.57%,Medium,3/1/2014,3, March ,2014
Government,United States of America, Carretera , Medium ,263,3,7,1841,110.46,6.00%,1730.54,1315,75.99%,415.54,22.57%,Medium,11/1/2013,11, November ,2013
Government,United States of America, VTT , Low ,266,250,350,93100,1862,2.00%,91238,69160,75.80%,22078,23.71%,Medium,12/1/2013,12, December ,2013
Government,United States of America, Paseo , High ,267,10,20,5340,801,15.00%,4539,2670,58.82%,1869,35.00%,Medium,10/1/2013,10, October ,2013
Government,United States of America, VTT , High ,267,250,20,5340,801,15.00%,4539,2670,58.82%,1869,35.00%,Medium,10/1/2013,10, October ,2013
Small Business,Canada, Velo , High ,269,120,300,80700,11298,14.00%,69402,67250,96.90%,2152,2.67%,Low,10/1/2013,10, October ,2013
Small Business,Canada, VTT , High ,269,250,300,80700,11298,14.00%,69402,67250,96.90%,2152,2.67%,Low,10/1/2013,10, October ,2013
Government,United States of America, Amarilla , High ,270,260,350,94500,11340,12.00%,83160,70200,84.42%,12960,13.71%,Low,2/1/2014,2, February ,2014
Government,United States of America, Carretera , Low ,274,3,350,95900,3836,4.00%,92064,71240,77.38%,20824,21.71%,Medium,12/1/2014,12, December ,2014
Government,United States of America, Paseo , Low ,274,10,350,95900,3836,4.00%,92064,71240,77.38%,20824,21.71%,Medium,12/1/2014,12, December ,2014
Midmarket,Germany, Paseo , High ,278,10,15,4170,583.8,14.00%,3586.2,2780,77.52%,806.2,19.33%,Medium,2/1/2014,2, February ,2014
Government,Germany, Carretera , High ,280,3,7,1960,274.4,14.00%,1685.6,1400,83.06%,285.6,14.57%,Low,12/1/2014,12, December ,2014
Government,Germany, VTT , High ,280,250,7,1960,274.4,14.00%,1685.6,1400,83.06%,285.6,14.57%,Low,12/1/2014,12, December ,2014
Government,Canada, Paseo ,,292,10,20,5840,0,0.00%,5840,2920,50.00%,2920,50.00%,High,2/1/2014,2, February ,2014
Government,France, Paseo , High ,293,10,20,5860,879,15.00%,4981,2930,58.82%,2051,35.00%,Medium,12/1/2014,12, December ,2014
Government,France, VTT , High ,293,250,20,5860,879,15.00%,4981,2930,58.82%,2051,35.00%,Medium,12/1/2014,12, December ,2014
Government,France, Montana , High ,293,5,7,2051,287.14,14.00%,1763.86,1465,83.06%,298.86,14.57%,Low,2/1/2014,2, February ,2014
Channel Partners,France, Amarilla , Medium ,306,260,12,3672,330.48,9.00%,3341.52,918,27.47%,2423.52,66.00%,High,12/1/2013,12, December ,2013
Midmarket,France, Amarilla , Low ,321,260,15,4815,48.15,1.00%,4766.85,3210,67.34%,1556.85,32.33%,Medium,11/1/2013,11, November ,2013
Small Business,France, Montana , Medium ,322,5,300,96600,8694,9.00%,87906,80500,91.58%,7406,7.67%,Low,9/1/2013,9, September ,2013
Enterprise,United States of America, Carretera , Low ,330,3,125,41250,412.5,1.00%,40837.5,39600,96.97%,1237.5,3.00%,Low,9/1/2013,9, September ,2013
Small Business,Germany, Montana , Medium ,334,5,300,100200,9018,9.00%,91182,83500,91.58%,7682,7.67%,Low,12/1/2013,12, December ,2013
Enterprise,Mexico, VTT , High ,341,250,125,42625,4262.5,10.00%,38362.5,40920,106.67%,-2557.5,-6.00%,Low,5/1/2014,5, May ,2014
Government,Mexico, Velo , High ,344,120,350,120400,13244,11.00%,107156,89440,83.47%,17716,14.71%,Low,10/1/2013,10, October ,2013
Government,Mexico, Amarilla , High ,344,260,350,120400,13244,11.00%,107156,89440,83.47%,17716,14.71%,Low,10/1/2013,10, October ,2013
Enterprise,Canada, Montana ,,345,5,125,43125,0,0.00%,43125,41400,96.00%,1725,4.00%,Low,10/1/2013,10, October ,2013
Enterprise,Canada, Velo ,,345,120,125,43125,0,0.00%,43125,41400,96.00%,1725,4.00%,Low,10/1/2013,10, October ,2013
Government,United States of America, VTT , Low ,349,250,350,122150,4886,4.00%,117264,90740,77.38%,26524,21.71%,Medium,9/1/2013,9, September ,2013
Government,Germany, Paseo , High ,357,10,350,124950,16243.5,13.00%,108706.5,92820,85.39%,15886.5,12.71%,Low,11/1/2014,11, November ,2014
Government,Germany, Paseo , Medium ,360,10,7,2520,226.8,9.00%,2293.2,1800,78.49%,493.2,19.57%,Medium,10/1/2014,10, October ,2014
Government,Germany, VTT , Medium ,360,250,7,2520,226.8,9.00%,2293.2,1800,78.49%,493.2,19.57%,Medium,10/1/2014,10, October ,2014
Government,Mexico, Velo , Low ,362,120,7,2534,25.34,1.00%,2508.66,1810,72.15%,698.66,27.57%,Medium,5/1/2014,5, May ,2014
Channel Partners,Germany, Paseo ,,367,10,12,4404,0,0.00%,4404,1101,25.00%,3303,75.00%,High,7/1/2014,7, July ,2014
Channel Partners,Mexico, Carretera , Medium ,367,3,12,4404,396.36,9.00%,4007.64,1101,27.47%,2906.64,66.00%,High,10/1/2013,10, October ,2013
Channel Partners,Mexico, Paseo , Medium ,367,10,12,4404,396.36,9.00%,4007.64,1101,27.47%,2906.64,66.00%,High,10/1/2013,10, October ,2013
Midmarket,Mexico, Paseo , High ,380,10,15,5700,684,12.00%,5016,3800,75.76%,1216,21.33%,Medium,12/1/2013,12, December ,2013
Government,United States of America, Paseo , High ,380,10,7,2660,292.6,11.00%,2367.4,1900,80.26%,467.4,17.57%,Medium,9/1/2013,9, September ,2013
Government,France, VTT , Medium ,381,250,350,133350,10668,8.00%,122682,99060,80.75%,23622,17.71%,Medium,8/1/2014,8, August ,2014
Midmarket,Canada, Velo , High ,384,120,15,5760,633.6,11.00%,5126.4,3840,74.91%,1286.4,22.33%,Medium,1/1/2014,1, January ,2014
Small Business,France, Velo , Medium ,386,120,300,115800,9264,8.00%,106536,96500,90.58%,10036,8.67%,Low,11/1/2013,11, November ,2013
Channel Partners,United States of America, Carretera , High ,386,3,12,4632,463.2,10.00%,4168.8,1158,27.78%,3010.8,65.00%,High,10/1/2013,10, October ,2013
Channel Partners,United States of America, Paseo , High ,386,10,12,4632,463.2,10.00%,4168.8,1158,27.78%,3010.8,65.00%,High,10/1/2013,10, October ,2013
Government,Canada, Montana , High ,388,5,7,2716,380.24,14.00%,2335.76,1940,83.06%,395.76,14.57%,Low,9/1/2014,9, September ,2014
Channel Partners,Mexico, Velo , High ,410,120,12,4920,639.6,13.00%,4280.4,1230,28.74%,3050.4,62.00%,High,10/1/2014,10, October ,2014
Channel Partners,Mexico, Amarilla , High ,410,260,12,4920,639.6,13.00%,4280.4,1230,28.74%,3050.4,62.00%,High,10/1/2014,10, October ,2014
Government,Germany, VTT , Medium ,422,250,350,147700,11816,8.00%,135884,109720,80.75%,26164,17.71%,Medium,8/1/2014,8, August ,2014
Small Business,Mexico, VTT , High ,432,250,300,129600,12960,10.00%,116640,108000,92.59%,8640,6.67%,Low,9/1/2014,9, September ,2014
Government,United States of America, VTT , Medium ,436.5,250,20,8730,698.4,8.00%,8031.6,4365,54.35%,3666.6,42.00%,High,7/1/2014,7, July ,2014
Government,Germany, Carretera , High ,442,3,20,8840,1149.2,13.00%,7690.8,4420,57.47%,3270.8,37.00%,Medium,9/1/2013,9, September ,2013
Small Business,France, Carretera , Medium ,448,3,300,134400,9408,7.00%,124992,112000,89.61%,12992,9.67%,Low,6/1/2014,6, June ,2014
Small Business,France, Paseo , Medium ,448,10,300,134400,9408,7.00%,124992,112000,89.61%,12992,9.67%,Low,6/1/2014,6, June ,2014
Channel Partners,Germany, Velo , High ,472,120,12,5664,623.04,11.00%,5040.96,1416,28.09%,3624.96,64.00%,High,10/1/2014,10, October ,2014
Channel Partners,Germany, Amarilla , High ,472,260,12,5664,623.04,11.00%,5040.96,1416,28.09%,3624.96,64.00%,High,10/1/2014,10, October ,2014
Government,Canada, Montana , Medium ,488,5,7,3416,273.28,8.00%,3142.72,2440,77.64%,702.72,20.57%,Medium,2/1/2014,2, February ,2014
Midmarket,France, Carretera , Medium ,490,3,15,7350,588,8.00%,6762,4900,72.46%,1862,25.33%,Medium,11/1/2014,11, November ,2014
Midmarket,Germany, VTT , High ,492,250,15,7380,1107,15.00%,6273,4920,78.43%,1353,18.33%,Medium,7/1/2014,7, July ,2014
Small Business,Mexico, Carretera , Low ,494,3,300,148200,1482,1.00%,146718,123500,84.18%,23218,15.67%,Medium,10/1/2013,10, October ,2013
Small Business,Mexico, VTT , Low ,494,250,300,148200,1482,1.00%,146718,123500,84.18%,23218,15.67%,Medium,10/1/2013,10, October ,2013
Channel Partners,Mexico, Velo , High ,500,120,12,6000,900,15.00%,5100,1500,29.41%,3600,60.00%,High,3/1/2014,3, March ,2014
Midmarket,Germany, Velo , High ,510,120,15,7650,765,10.00%,6885,5100,74.07%,1785,23.33%,Medium,4/1/2014,4, April ,2014
Government,Mexico, Carretera , Medium ,521,3,7,3647,328.23,9.00%,3318.77,2605,78.49%,713.77,19.57%,Medium,12/1/2014,12, December ,2014
Government,Mexico, VTT , Medium ,521,250,7,3647,328.23,9.00%,3318.77,2605,78.49%,713.77,19.57%,Medium,12/1/2014,12, December ,2014
Government,Mexico, Velo , Low ,544,120,20,10880,217.6,2.00%,10662.4,5440,51.02%,5222.4,48.00%,High,12/1/2013,12, December ,2013
Government,France, Montana , Low ,544,5,7,3808,114.24,3.00%,3693.76,2720,73.64%,973.76,25.57%,Medium,9/1/2014,9, September ,2014
Small Business,Mexico, Montana , High ,546,5,300,163800,24570,15.00%,139230,136500,98.04%,2730,1.67%,Low,10/1/2014,10, October ,2014
Small Business,Mexico, Amarilla , High ,546,260,300,163800,24570,15.00%,139230,136500,98.04%,2730,1.67%,Low,10/1/2014,10, October ,2014
Government,United States of America, Velo , Medium ,547,120,7,3829,268.03,7.00%,3560.97,2735,76.80%,825.97,21.57%,Medium,11/1/2014,11, November ,2014
Midmarket,France, Paseo ,,549,10,15,8235,0,0.00%,8235,5490,66.67%,2745,33.33%,Medium,9/1/2013,9, September ,2013
Government,Canada, Amarilla , Medium ,552,260,350,193200,9660,5.00%,183540,143520,78.20%,40020,20.71%,Medium,8/1/2014,8, August ,2014
Enterprise,Germany, VTT , High ,552,250,125,69000,10350,15.00%,58650,66240,112.94%,-7590,-11.00%,Low,11/1/2014,11, November ,2014
Enterprise,Mexico, VTT , High ,554,250,125,69250,7617.5,11.00%,61632.5,66480,107.87%,-4847.5,-7.00%,Low,1/1/2014,1, January ,2014
Midmarket,United States of America, Velo , Medium ,555,120,15,8325,416.25,5.00%,7908.75,5550,70.18%,2358.75,28.33%,Medium,1/1/2014,1, January ,2014
Channel Partners,Mexico, Carretera , Medium ,562,3,12,6744,404.64,6.00%,6339.36,1686,26.60%,4653.36,69.00%,High,9/1/2014,9, September ,2014
Enterprise,Canada, Velo , Medium ,567,120,125,70875,6378.75,9.00%,64496.25,68040,105.49%,-3543.75,-5.00%,Low,9/1/2014,9, September ,2014
Government,United States of America, Carretera , Medium ,570,3,7,3990,199.5,5.00%,3790.5,2850,75.19%,940.5,23.57%,Medium,12/1/2014,12, December ,2014
Government,United States of America, VTT , Medium ,570,250,7,3990,199.5,5.00%,3790.5,2850,75.19%,940.5,23.57%,Medium,12/1/2014,12, December ,2014
Channel Partners,Mexico, Paseo , High ,571,10,12,6852,890.76,13.00%,5961.24,1713,28.74%,4248.24,62.00%,High,7/1/2014,7, July ,2014
Government,France, VTT , Medium ,574.5,250,350,201075,16086,8.00%,184989,149370,80.75%,35619,17.71%,Medium,4/1/2014,4, April ,2014
Enterprise,United States of America, Amarilla , High ,579,260,125,72375,7237.5,10.00%,65137.5,69480,106.67%,-4342.5,-6.00%,Low,1/1/2014,1, January ,2014
Government,Germany, Velo , Medium ,588,120,20,11760,823.2,7.00%,10936.8,5880,53.76%,5056.8,43.00%,High,12/1/2013,12, December ,2013
Small Business,Mexico, Paseo , High ,591,10,300,177300,17730,10.00%,159570,147750,92.59%,11820,6.67%,Low,5/1/2014,5, May ,2014
Channel Partners,Canada, Velo , Medium ,598,120,12,7176,574.08,8.00%,6601.92,1794,27.17%,4807.92,67.00%,High,3/1/2014,3, March ,2014
Government,United States of America, Paseo , Medium ,602,10,350,210700,10535,5.00%,200165,156520,78.20%,43645,20.71%,Medium,6/1/2014,6, June ,2014
Government,United States of America, Velo , Medium ,602,120,350,210700,10535,5.00%,200165,156520,78.20%,43645,20.71%,Medium,6/1/2014,6, June ,2014
Channel Partners,Mexico, Montana , High ,604,5,12,7248,942.24,13.00%,6305.76,1812,28.74%,4493.76,62.00%,High,6/1/2014,6, June ,2014
Channel Partners,Mexico, Velo , High ,604,120,12,7248,942.24,13.00%,6305.76,1812,28.74%,4493.76,62.00%,High,6/1/2014,6, June ,2014
Government,United States of America, Velo , High ,606,120,20,12120,1696.8,14.00%,10423.2,6060,58.14%,4363.2,36.00%,Medium,4/1/2014,4, April ,2014
Government,Mexico, Velo , Medium ,609,120,20,12180,852.6,7.00%,11327.4,6090,53.76%,5237.4,43.00%,High,8/1/2014,8, August ,2014
Midmarket,United States of America, Montana ,,615,5,15,9225,0,0.00%,9225,6150,66.67%,3075,33.33%,Medium,12/1/2014,12, December ,2014
Midmarket,United States of America, Amarilla ,,615,260,15,9225,0,0.00%,9225,6150,66.67%,3075,33.33%,Medium,12/1/2014,12, December ,2014
Government,Canada, VTT , High ,623,250,350,218050,26166,12.00%,191884,161980,84.42%,29904,13.71%,Low,9/1/2013,9, September ,2013
Small Business,Mexico, Velo , Medium ,635,120,300,190500,15240,8.00%,175260,158750,90.58%,16510,8.67%,Low,12/1/2014,12, December ,2014
Small Business,Mexico, Amarilla , Medium ,635,260,300,190500,15240,8.00%,175260,158750,90.58%,16510,8.67%,Low,12/1/2014,12, December ,2014
Government,France, Velo , High ,639,120,350,223650,22365,10.00%,201285,166140,82.54%,35145,15.71%,Medium,7/1/2014,7, July ,2014
Government,France, Velo , Low ,639,120,7,4473,44.73,1.00%,4428.27,3195,72.15%,1233.27,27.57%,Medium,11/1/2014,11, November ,2014
Midmarket,Mexico, VTT , High ,641,250,15,9615,961.5,10.00%,8653.5,6410,74.07%,2243.5,23.33%,Medium,7/1/2014,7, July ,2014
Government,Germany, Montana , Medium ,645,5,20,12900,1032,8.00%,11868,6450,54.35%,5418,42.00%,High,7/1/2014,7, July ,2014
Midmarket,Mexico, Velo , High ,655,120,15,9825,1080.75,11.00%,8744.25,6550,74.91%,2194.25,22.33%,Medium,9/1/2013,9, September ,2013
Midmarket,Germany, Velo , High ,660,120,15,9900,1287,13.00%,8613,6600,76.63%,2013,20.33%,Medium,9/1/2013,9, September ,2013
Enterprise,Mexico, Paseo , Low ,662,10,125,82750,1655,2.00%,81095,79440,97.96%,1655,2.00%,Low,6/1/2014,6, June ,2014
Enterprise,Mexico, VTT , Low ,662,250,125,82750,1655,2.00%,81095,79440,97.96%,1655,2.00%,Low,6/1/2014,6, June ,2014
Government,Germany, Carretera , Medium ,663,3,20,13260,1193.4,9.00%,12066.6,6630,54.95%,5436.6,41.00%,High,5/1/2014,5, May ,2014
Enterprise,United States of America, Montana , Low ,663,5,125,82875,828.75,1.00%,82046.25,79560,96.97%,2486.25,3.00%,Low,10/1/2013,10, October ,2013
Enterprise,United States of America, Velo , Low ,663,120,125,82875,828.75,1.00%,82046.25,79560,96.97%,2486.25,3.00%,Low,10/1/2013,10, October ,2013
Enterprise,France, Velo , High ,663,120,125,82875,12431.25,15.00%,70443.75,79560,112.94%,-9116.25,-11.00%,Low,9/1/2014,9, September ,2014
Midmarket,United States of America, Paseo , Low ,671,10,15,10065,402.6,4.00%,9662.4,6710,69.44%,2952.4,29.33%,Medium,10/1/2013,10, October ,2013
Midmarket,United States of America, Amarilla , Low ,671,260,15,10065,402.6,4.00%,9662.4,6710,69.44%,2952.4,29.33%,Medium,10/1/2013,10, October ,2013
Midmarket,United States of America, Montana , High ,677,5,15,10155,1218.6,12.00%,8936.4,6770,75.76%,2166.4,21.33%,Medium,3/1/2014,3, March ,2014
Government,United States of America, Paseo , Medium ,678,10,7,4746,379.68,8.00%,4366.32,3390,77.64%,976.32,20.57%,Medium,8/1/2014,8, August ,2014
Midmarket,Germany, Velo , High ,681,120,15,10215,1021.5,10.00%,9193.5,6810,74.07%,2383.5,23.33%,Medium,1/1/2014,1, January ,2014
Small Business,Germany, Carretera , Low ,689,3,300,206700,6201,3.00%,200499,172250,85.91%,28249,13.67%,Low,6/1/2014,6, June ,2014
Small Business,Germany, Paseo , Low ,689,10,300,206700,6201,3.00%,200499,172250,85.91%,28249,13.67%,Low,6/1/2014,6, June ,2014
Channel Partners,Mexico, Montana , Low ,690,5,12,8280,165.6,2.00%,8114.4,2070,25.51%,6044.4,73.00%,High,11/1/2014,11, November ,2014
Government,Canada, Paseo , High ,700,10,350,245000,34300,14.00%,210700,182000,86.38%,28700,11.71%,Low,11/1/2014,11, November ,2014
Enterprise,France, Paseo , Medium ,704,10,125,88000,4400,5.00%,83600,84480,101.05%,-880,-1.00%,Low,10/1/2013,10, October ,2013
Enterprise,France, Velo , Medium ,704,120,125,88000,4400,5.00%,83600,84480,101.05%,-880,-1.00%,Low,10/1/2013,10, October ,2013
Government,Canada, Amarilla , High ,707,260,350,247450,24745,10.00%,222705,183820,82.54%,38885,15.71%,Medium,9/1/2014,9, September ,2014
Government,Canada, Montana , Medium ,708,5,20,14160,1132.8,8.00%,13027.2,7080,54.35%,5947.2,42.00%,High,6/1/2014,6, June ,2014
Government,Canada, Amarilla , Medium ,708,260,20,14160,1132.8,8.00%,13027.2,7080,54.35%,5947.2,42.00%,High,6/1/2014,6, June ,2014
Midmarket,Germany, Montana , Medium ,711,5,15,10665,853.2,8.00%,9811.8,7110,72.46%,2701.8,25.33%,Medium,12/1/2014,12, December ,2014
Midmarket,Germany, Amarilla , Medium ,711,260,15,10665,853.2,8.00%,9811.8,7110,72.46%,2701.8,25.33%,Medium,12/1/2014,12, December ,2014
Government,Mexico, Montana , Medium ,720,5,350,252000,12600,5.00%,239400,187200,78.20%,52200,20.71%,Medium,9/1/2013,9, September ,2013
Government,Canada, Paseo , High ,723,10,7,5061,759.15,15.00%,4301.85,3615,84.03%,686.85,13.57%,Low,4/1/2014,4, April ,2014
Government,United States of America, Paseo , Medium ,727,10,350,254450,15267,6.00%,239183,189020,79.03%,50163,19.71%,Medium,10/1/2013,10, October ,2013
Government,United States of America, Amarilla , Medium ,727,260,350,254450,15267,6.00%,239183,189020,79.03%,50163,19.71%,Medium,10/1/2013,10, October ,2013
Channel Partners,Mexico, Carretera , Medium ,727,3,12,8724,610.68,7.00%,8113.32,2181,26.88%,5932.32,68.00%,High,2/1/2014,2, February ,2014
Enterprise,United States of America, Paseo , Low ,727,10,125,90875,908.75,1.00%,89966.25,87240,96.97%,2726.25,3.00%,Low,6/1/2014,6, June ,2014
Enterprise,United States of America, VTT , Low ,727,250,125,90875,908.75,1.00%,89966.25,87240,96.97%,2726.25,3.00%,Low,6/1/2014,6, June ,2014
Government,United States of America, Velo , Low ,736,120,20,14720,588.8,4.00%,14131.2,7360,52.08%,6771.2,46.00%,High,9/1/2013,9, September ,2013
Enterprise,Canada, Carretera , Low ,742.5,3,125,92812.5,1856.25,2.00%,90956.25,89100,97.96%,1856.25,2.00%,Low,4/1/2014,4, April ,2014
Midmarket,Germany, Paseo , Low ,747,10,15,11205,112.05,1.00%,11092.95,7470,67.34%,3622.95,32.33%,Medium,9/1/2014,9, September ,2014
Government,Germany, Montana , High ,766,5,350,268100,29491,11.00%,238609,199160,83.47%,39449,14.71%,Low,1/1/2014,1, January ,2014
Channel Partners,Germany, Carretera , Low ,766,3,12,9192,91.92,1.00%,9100.08,2298,25.25%,6802.08,74.00%,High,10/1/2013,10, October ,2013
Channel Partners,Germany, Paseo , Low ,766,10,12,9192,91.92,1.00%,9100.08,2298,25.25%,6802.08,74.00%,High,10/1/2013,10, October ,2013
Enterprise,France, Paseo , Low ,787,10,125,98375,983.75,1.00%,97391.25,94440,96.97%,2951.25,3.00%,Low,6/1/2014,6, June ,2014
Enterprise,France, VTT , Low ,787,250,125,98375,983.75,1.00%,97391.25,94440,96.97%,2951.25,3.00%,Low,6/1/2014,6, June ,2014
Small Business,Mexico, Paseo ,,788,10,300,236400,0,0.00%,236400,197000,83.33%,39400,16.67%,Medium,9/1/2013,9, September ,2013
Midmarket,United States of America, Velo , High ,790,120,15,11850,1185,10.00%,10665,7900,74.07%,2765,23.33%,Medium,5/1/2014,5, May ,2014
Government,Germany, Carretera , High ,792,3,350,277200,30492,11.00%,246708,205920,83.47%,40788,14.71%,Low,3/1/2014,3, March ,2014
Enterprise,Germany, Paseo , Low ,795,10,125,99375,3975,4.00%,95400,95400,100.00%,0,0.00%,Low,3/1/2014,3, March ,2014
Small Business,Mexico, Carretera , High ,801,3,300,240300,33642,14.00%,206658,200250,96.90%,6408,2.67%,Low,7/1/2014,7, July ,2014
Small Business,Germany, Paseo , High ,807,10,300,242100,31473,13.00%,210627,201750,95.79%,8877,3.67%,Low,1/1/2014,1, January ,2014
Enterprise,Germany, Velo , Medium ,807,120,125,100875,5043.75,5.00%,95831.25,96840,101.05%,-1008.75,-1.00%,Low,2/1/2014,2, February ,2014
Small Business,United States of America, VTT , Medium ,808,250,300,242400,19392,8.00%,223008,202000,90.58%,21008,8.67%,Low,12/1/2013,12, December ,2013
Enterprise,Germany, Paseo , Low ,809,10,125,101125,2022.5,2.00%,99102.5,97080,97.96%,2022.5,2.00%,Low,10/1/2013,10, October ,2013
Enterprise,Germany, Velo , Low ,809,120,125,101125,2022.5,2.00%,99102.5,97080,97.96%,2022.5,2.00%,Low,10/1/2013,10, October ,2013
Government,Canada, Carretera , Medium ,819,3,7,5733,515.97,9.00%,5217.03,4095,78.49%,1122.03,19.57%,Medium,7/1/2014,7, July ,2014
Government,Canada, Carretera , Low ,831,3,20,16620,498.6,3.00%,16121.4,8310,51.55%,7811.4,47.00%,High,5/1/2014,5, May ,2014
Small Business,France, Velo , High ,853,120,300,255900,25590,10.00%,230310,213250,92.59%,17060,6.67%,Low,12/1/2014,12, December ,2014
Small Business,France, Amarilla , High ,853,260,300,255900,25590,10.00%,230310,213250,92.59%,17060,6.67%,Low,12/1/2014,12, December ,2014
Enterprise,United States of America, Paseo , Medium ,861,10,125,107625,5381.25,5.00%,102243.75,103320,101.05%,-1076.25,-1.00%,Low,10/1/2014,10, October ,2014
Enterprise,United States of America, Velo , Medium ,861,120,125,107625,5381.25,5.00%,102243.75,103320,101.05%,-1076.25,-1.00%,Low,10/1/2014,10, October ,2014
Government,Canada, VTT , High ,865.5,250,20,17310,2596.5,15.00%,14713.5,8655,58.82%,6058.5,35.00%,Medium,7/1/2014,7, July ,2014
Channel Partners,France, VTT , Low ,866,250,12,10392,415.68,4.00%,9976.32,2598,26.04%,7378.32,71.00%,High,5/1/2014,5, May ,2014
Small Business,Canada, Paseo , High ,873,10,300,261900,28809,11.00%,233091,218250,93.63%,14841,5.67%,Low,1/1/2014,1, January ,2014
Enterprise,Mexico, VTT , Medium ,877,250,125,109625,9866.25,9.00%,99758.75,105240,105.49%,-5481.25,-5.00%,Low,11/1/2014,11, November ,2014
Channel Partners,Germany, VTT , Medium ,880,250,12,10560,950.4,9.00%,9609.6,2640,27.47%,6969.6,66.00%,High,5/1/2014,5, May ,2014
Government,Mexico, Paseo ,,883,10,7,6181,0,0.00%,6181,4415,71.43%,1766,28.57%,Medium,8/1/2014,8, August ,2014
Government,Mexico, Carretera , High ,886,3,350,310100,37212,12.00%,272888,230360,84.42%,42528,13.71%,Low,6/1/2014,6, June ,2014
Government,Mexico, Paseo , High ,886,10,350,310100,37212,12.00%,272888,230360,84.42%,42528,13.71%,Low,6/1/2014,6, June ,2014
Enterprise,Germany, Carretera , Medium ,887,3,125,110875,6652.5,6.00%,104222.5,106440,102.13%,-2217.5,-2.00%,Low,12/1/2013,12, December ,2013
Small Business,Canada, Amarilla , High ,888,260,300,266400,37296,14.00%,229104,222000,96.90%,7104,2.67%,Low,3/1/2014,3, March ,2014
Midmarket,Germany, Carretera ,,888,3,15,13320,0,0.00%,13320,8880,66.67%,4440,33.33%,Medium,6/1/2014,6, June ,2014
Midmarket,Germany, VTT ,,888,250,15,13320,0,0.00%,13320,8880,66.67%,4440,33.33%,Medium,6/1/2014,6, June ,2014
Government,Mexico, Paseo , High ,905,10,20,18100,2172,12.00%,15928,9050,56.82%,6878,38.00%,Medium,10/1/2014,10, October ,2014
Government,Mexico, Velo , High ,905,120,20,18100,2172,12.00%,15928,9050,56.82%,6878,38.00%,Medium,10/1/2014,10, October ,2014
Channel Partners,Canada, Carretera , Low ,908,3,12,10896,326.88,3.00%,10569.12,2724,25.77%,7845.12,72.00%,High,12/1/2013,12, December ,2013
Channel Partners,United States of America, Paseo ,,912,10,12,10944,0,0.00%,10944,2736,25.00%,8208,75.00%,High,11/1/2013,11, November ,2013
Channel Partners,United States of America, Paseo , High ,914,10,12,10968,1645.2,15.00%,9322.8,2742,29.41%,6580.8,60.00%,High,12/1/2014,12, December ,2014
Channel Partners,United States of America, Velo , High ,914,120,12,10968,1645.2,15.00%,9322.8,2742,29.41%,6580.8,60.00%,High,12/1/2014,12, December ,2014
Small Business,France, Paseo , Low ,918,10,300,275400,5508,2.00%,269892,229500,85.03%,40392,14.67%,Low,5/1/2014,5, May ,2014
Midmarket,Germany, Montana ,,921,5,15,13815,0,0.00%,13815,9210,66.67%,4605,33.33%,Medium,3/1/2014,3, March ,2014
Government,Canada, Carretera , High ,923,3,350,323050,41996.5,13.00%,281053.5,239980,85.39%,41073.5,12.71%,Low,3/1/2014,3, March ,2014
Enterprise,Canada, Velo , Low ,923,120,125,115375,1153.75,1.00%,114221.25,110760,96.97%,3461.25,3.00%,Low,8/1/2014,8, August ,2014
Government,France, Amarilla , Low ,941,260,20,18820,376.4,2.00%,18443.6,9410,51.02%,9033.6,48.00%,High,11/1/2014,11, November ,2014
Government,Canada, VTT , Low ,943.5,250,350,330225,3302.25,1.00%,326922.75,245310,75.04%,81612.75,24.71%,Medium,4/1/2014,4, April ,2014
Enterprise,Mexico, Amarilla , High ,947,260,125,118375,13021.25,11.00%,105353.75,113640,107.87%,-8286.25,-7.00%,Low,9/1/2013,9, September ,2013
Enterprise,Canada, Velo , Medium ,952,120,125,119000,7140,6.00%,111860,114240,102.13%,-2380,-2.00%,Low,2/1/2014,2, February ,2014
Small Business,Mexico, Montana ,,958,5,300,287400,0,0.00%,287400,239500,83.33%,47900,16.67%,Medium,8/1/2014,8, August ,2014
Small Business,France, VTT , Medium ,959,250,300,287700,20139,7.00%,267561,239750,89.61%,27811,9.67%,Low,2/1/2014,2, February ,2014
Midmarket,Germany, Amarilla , Medium ,970,260,15,14550,1309.5,9.00%,13240.5,9700,73.26%,3540.5,24.33%,Medium,11/1/2013,11, November ,2013
Government,United States of America, Paseo , Medium ,973,10,20,19460,1751.4,9.00%,17708.6,9730,54.95%,7978.6,41.00%,High,3/1/2014,3, March ,2014
Midmarket,Mexico, Paseo ,,974,10,15,14610,0,0.00%,14610,9740,66.67%,4870,33.33%,Medium,2/1/2014,2, February ,2014
Government,Mexico, Montana , Medium ,980,5,350,343000,20580,6.00%,322420,254800,79.03%,67620,19.71%,Medium,4/1/2014,4, April ,2014
Government,United States of America, Montana , High ,982.5,5,350,343875,44703.75,13.00%,299171.25,255450,85.39%,43721.25,12.71%,Low,1/1/2014,1, January ,2014
Government,United States of America, Velo , High ,986,120,350,345100,41412,12.00%,303688,256360,84.42%,47328,13.71%,Low,10/1/2014,10, October ,2014
Government,United States of America, VTT , High ,986,250,350,345100,41412,12.00%,303688,256360,84.42%,47328,13.71%,Low,10/1/2014,10, October ,2014
Small Business,Germany, VTT , Low ,986,250,300,295800,2958,1.00%,292842,246500,84.18%,46342,15.67%,Medium,9/1/2014,9, September ,2014
Small Business,United States of America, Carretera , Medium ,991,3,300,297300,14865,5.00%,282435,247750,87.72%,34685,11.67%,Low,6/1/2014,6, June ,2014
Small Business,United States of America, Paseo , Medium ,991,10,300,297300,14865,5.00%,282435,247750,87.72%,34685,11.67%,Low,6/1/2014,6, June ,2014
Enterprise,Germany, Amarilla , Medium ,994,260,125,124250,8697.5,7.00%,115552.5,119280,103.23%,-3727.5,-3.00%,Low,9/1/2013,9, September ,2013
Government,Germany, Velo , Medium ,1001,120,20,20020,1201.2,6.00%,18818.8,10010,53.19%,8808.8,44.00%,High,8/1/2014,8, August ,2014
Channel Partners,Mexico, VTT , High ,1005,250,12,12060,1326.6,11.00%,10733.4,3015,28.09%,7718.4,64.00%,High,9/1/2013,9, September ,2013
Government,Germany, Paseo ,,1006,10,350,352100,0,0.00%,352100,261560,74.29%,90540,25.71%,Medium,6/1/2014,6, June ,2014
Government,Germany, Velo ,,1006,120,350,352100,0,0.00%,352100,261560,74.29%,90540,25.71%,Medium,6/1/2014,6, June ,2014
Small Business,United States of America, Carretera , High ,1010,3,300,303000,42420,14.00%,260580,252500,96.90%,8080,2.67%,Low,10/1/2014,10, October ,2014
Small Business,United States of America, VTT , High ,1010,250,300,303000,42420,14.00%,260580,252500,96.90%,8080,2.67%,Low,10/1/2014,10, October ,2014
Channel Partners,Germany, Paseo , High ,1013,10,12,12156,1580.28,13.00%,10575.72,3039,28.74%,7536.72,62.00%,High,12/1/2014,12, December ,2014
Channel Partners,Germany, Velo , High ,1013,120,12,12156,1580.28,13.00%,10575.72,3039,28.74%,7536.72,62.00%,High,12/1/2014,12, December ,2014
Government,Germany, Carretera , Medium ,1016,3,7,7112,355.6,5.00%,6756.4,5080,75.19%,1676.4,23.57%,Medium,11/1/2013,11, November ,2013
Enterprise,France, Carretera , High ,1023,3,125,127875,17902.5,14.00%,109972.5,122760,111.63%,-12787.5,-10.00%,Low,9/1/2013,9, September ,2013
Government,France, Paseo , Low ,1030,10,7,7210,72.1,1.00%,7137.9,5150,72.15%,1987.9,27.57%,Medium,5/1/2014,5, May ,2014
Government,France, Paseo , Medium ,1031,10,7,7217,505.19,7.00%,6711.81,5155,76.80%,1556.81,21.57%,Medium,9/1/2013,9, September ,2013
Government,France, Velo , Medium ,1033,120,20,20660,1033,5.00%,19627,10330,52.63%,9297,45.00%,High,12/1/2013,12, December ,2013
Government,Mexico, Paseo , Medium ,1038,10,20,20760,1868.4,9.00%,18891.6,10380,54.95%,8511.6,41.00%,High,6/1/2014,6, June ,2014
Government,Mexico, Amarilla , Medium ,1038,260,20,20760,1868.4,9.00%,18891.6,10380,54.95%,8511.6,41.00%,High,6/1/2014,6, June ,2014
Channel Partners,France, Paseo , Low ,1055,10,12,12660,253.2,2.00%,12406.8,3165,25.51%,9241.8,73.00%,High,12/1/2014,12, December ,2014
Channel Partners,France, Velo , Low ,1055,120,12,12660,253.2,2.00%,12406.8,3165,25.51%,9241.8,73.00%,High,12/1/2014,12, December ,2014
Government,United States of America, Paseo , Low ,1056,10,20,21120,844.8,4.00%,20275.2,10560,52.08%,9715.2,46.00%,High,9/1/2014,9, September ,2014
Enterprise,Mexico, Amarilla , Low ,1074,260,125,134250,5370,4.00%,128880,128880,100.00%,0,0.00%,Low,4/1/2014,4, April ,2014
Channel Partners,Mexico, Paseo , Low ,1084,10,12,13008,260.16,2.00%,12747.84,3252,25.51%,9495.84,73.00%,High,12/1/2014,12, December ,2014
Channel Partners,Mexico, Velo , Low ,1084,120,12,13008,260.16,2.00%,12747.84,3252,25.51%,9495.84,73.00%,High,12/1/2014,12, December ,2014
Enterprise,Germany, Carretera , High ,1085,3,125,135625,20343.75,15.00%,115281.25,130200,112.94%,-14918.75,-11.00%,Low,10/1/2014,10, October ,2014
Enterprise,Germany, Paseo , High ,1085,10,125,135625,20343.75,15.00%,115281.25,130200,112.94%,-14918.75,-11.00%,Low,10/1/2014,10, October ,2014
Small Business,Canada, Carretera , Medium ,1094,3,300,328200,29538,9.00%,298662,273500,91.58%,25162,7.67%,Low,6/1/2014,6, June ,2014
Small Business,Canada, Paseo , Medium ,1094,10,300,328200,29538,9.00%,298662,273500,91.58%,25162,7.67%,Low,6/1/2014,6, June ,2014
Government,Germany, Paseo , Medium ,1095,10,7,7665,613.2,8.00%,7051.8,5475,77.64%,1576.8,20.57%,Medium,5/1/2014,5, May ,2014
Small Business,Mexico, Montana , Medium ,1100,5,300,330000,16500,5.00%,313500,275000,87.72%,38500,11.67%,Low,12/1/2013,12, December ,2013
Small Business,Mexico, Amarilla , Low ,1101,260,300,330300,6606,2.00%,323694,275250,85.03%,48444,14.67%,Low,3/1/2014,3, March ,2014
Enterprise,Mexico, Paseo , Medium ,1114,10,125,139250,11140,8.00%,128110,133680,104.35%,-5570,-4.00%,Low,3/1/2014,3, March ,2014
Channel Partners,Germany, Carretera , Medium ,1116,3,12,13392,669.6,5.00%,12722.4,3348,26.32%,9374.4,70.00%,High,2/1/2014,2, February ,2014
Government,United States of America, Carretera , Medium ,1117.5,3,20,22350,1341,6.00%,21009,11175,53.19%,9834,44.00%,High,1/1/2014,1, January ,2014
Government,Canada, Amarilla , Medium ,1118,260,20,22360,1565.2,7.00%,20794.8,11180,53.76%,9614.8,43.00%,High,11/1/2014,11, November ,2014
Government,Mexico, Paseo , High ,1122,10,20,22440,2468.4,11.00%,19971.6,11220,56.18%,8751.6,39.00%,Medium,3/1/2014,3, March ,2014
Small Business,Germany, Paseo , Medium ,1123,10,300,336900,23583,7.00%,313317,280750,89.61%,32567,9.67%,Low,9/1/2013,9, September ,2013
Government,Mexico, VTT , Medium ,1123,250,20,22460,1347.6,6.00%,21112.4,11230,53.19%,9882.4,44.00%,High,11/1/2013,11, November ,2013
Channel Partners,Mexico, Amarilla , Medium ,1123,260,12,13476,673.8,5.00%,12802.2,3369,26.32%,9433.2,70.00%,High,8/1/2014,8, August ,2014
Government,Canada, Velo , Medium ,1135,120,7,7945,556.15,7.00%,7388.85,5675,76.80%,1713.85,21.57%,Medium,6/1/2014,6, June ,2014
Government,Canada, Amarilla , Medium ,1135,260,7,7945,556.15,7.00%,7388.85,5675,76.80%,1713.85,21.57%,Medium,6/1/2014,6, June ,2014
Enterprise,Mexico, Montana , Low ,1138,5,125,142250,5690,4.00%,136560,136560,100.00%,0,0.00%,Low,12/1/2014,12, December ,2014
Enterprise,Mexico, Paseo , Low ,1138,10,125,142250,5690,4.00%,136560,136560,100.00%,0,0.00%,Low,12/1/2014,12, December ,2014
Channel Partners,United States of America, Montana , Low ,1142,5,12,13704,274.08,2.00%,13429.92,3426,25.51%,10003.92,73.00%,High,6/1/2014,6, June ,2014
Channel Partners,United States of America, Paseo , Low ,1142,10,12,13704,274.08,2.00%,13429.92,3426,25.51%,10003.92,73.00%,High,6/1/2014,6, June ,2014
Government,United States of America, Paseo ,,1143,10,7,8001,0,0.00%,8001,5715,71.43%,2286,28.57%,Medium,10/1/2014,10, October ,2014
Government,United States of America, Amarilla ,,1143,260,7,8001,0,0.00%,8001,5715,71.43%,2286,28.57%,Medium,10/1/2014,10, October ,2014
Midmarket,United States of America, Paseo , Medium ,1153,10,15,17295,1037.7,6.00%,16257.3,11530,70.92%,4727.3,27.33%,Medium,10/1/2014,10, October ,2014
Midmarket,United States of America, VTT , Medium ,1153,250,15,17295,1037.7,6.00%,16257.3,11530,70.92%,4727.3,27.33%,Medium,10/1/2014,10, October ,2014
Government,Germany, Paseo , High ,1158,10,20,23160,3474,15.00%,19686,11580,58.82%,8106,35.00%,Medium,3/1/2014,3, March ,2014
Government,Germany, Montana , Medium ,1159,5,7,8113,405.65,5.00%,7707.35,5795,75.19%,1912.35,23.57%,Medium,10/1/2013,10, October ,2013
Government,Germany, Amarilla , Medium ,1159,260,7,8113,405.65,5.00%,7707.35,5795,75.19%,1912.35,23.57%,Medium,10/1/2013,10, October ,2013
Enterprise,France, Carretera , High ,1174,3,125,146750,22012.5,15.00%,124737.5,140880,112.94%,-16142.5,-11.00%,Low,8/1/2014,8, August ,2014
Midmarket,Germany, Paseo , High ,1175,10,15,17625,2643.75,15.00%,14981.25,11750,78.43%,3231.25,18.33%,Medium,10/1/2014,10, October ,2014
Midmarket,Germany, VTT , High ,1175,250,15,17625,2643.75,15.00%,14981.25,11750,78.43%,3231.25,18.33%,Medium,10/1/2014,10, October ,2014
Government,United States of America, Paseo , High ,1177,10,350,411950,57673,14.00%,354277,306020,86.38%,48257,11.71%,Low,11/1/2014,11, November ,2014
Small Business,France, Montana , High ,1186,5,300,355800,42696,12.00%,313104,296500,94.70%,16604,4.67%,Low,12/1/2013,12, December ,2013
Government,France, Velo , High ,1190,120,7,8330,1082.9,13.00%,7247.1,5950,82.10%,1297.1,15.57%,Medium,6/1/2014,6, June ,2014
Government,France, Amarilla , High ,1190,260,7,8330,1082.9,13.00%,7247.1,5950,82.10%,1297.1,15.57%,Medium,6/1/2014,6, June ,2014
Government,Mexico, Paseo , High ,1197,10,350,418950,50274,12.00%,368676,311220,84.42%,57456,13.71%,Low,11/1/2014,11, November ,2014
Channel Partners,France, Carretera , High ,1198,3,12,14376,1581.36,11.00%,12794.64,3594,28.09%,9200.64,64.00%,High,10/1/2013,10, October ,2013
Channel Partners,France, Paseo , High ,1198,10,12,14376,1581.36,11.00%,12794.64,3594,28.09%,9200.64,64.00%,High,10/1/2013,10, October ,2013
Government,Germany, Montana , High ,1199,5,350,419650,58751,14.00%,360899,311740,86.38%,49159,11.71%,Low,4/1/2014,4, April ,2014
Government,Mexico, Carretera , Low ,1210,3,350,423500,4235,1.00%,419265,314600,75.04%,104665,24.71%,Medium,3/1/2014,3, March ,2014
Small Business,France, Velo , Medium ,1221,120,300,366300,21978,6.00%,344322,305250,88.65%,39072,10.67%,Low,10/1/2013,10, October ,2013
Small Business,France, VTT , Medium ,1221,250,300,366300,21978,6.00%,344322,305250,88.65%,39072,10.67%,Low,10/1/2013,10, October ,2013
Midmarket,France, Paseo , Medium ,1227,10,15,18405,1656.45,9.00%,16748.55,12270,73.26%,4478.55,24.33%,Medium,10/1/2014,10, October ,2014
Midmarket,France, VTT , Medium ,1227,250,15,18405,1656.45,9.00%,16748.55,12270,73.26%,4478.55,24.33%,Medium,10/1/2014,10, October ,2014
Government,Canada, Paseo , Medium ,1228,10,350,429800,21490,5.00%,408310,319280,78.20%,89030,20.71%,Medium,10/1/2013,10, October ,2013
Government,Canada, Amarilla , Medium ,1228,260,350,429800,21490,5.00%,408310,319280,78.20%,89030,20.71%,Medium,10/1/2013,10, October ,2013
Government,Mexico, Paseo , High ,1233,10,20,24660,2959.2,12.00%,21700.8,12330,56.82%,9370.8,38.00%,Medium,12/1/2014,12, December ,2014
Government,Mexico, VTT , High ,1233,250,20,24660,2959.2,12.00%,21700.8,12330,56.82%,9370.8,38.00%,Medium,12/1/2014,12, December ,2014
Government,United States of America, Amarilla , Low ,1236,260,20,24720,494.4,2.00%,24225.6,12360,51.02%,11865.6,48.00%,High,11/1/2014,11, November ,2014
Government,Canada, Montana , High ,1249,5,20,24980,3247.4,13.00%,21732.6,12490,57.47%,9242.6,37.00%,Medium,10/1/2014,10, October ,2014
Government,Canada, Paseo , High ,1249,10,20,24980,3247.4,13.00%,21732.6,12490,57.47%,9242.6,37.00%,Medium,10/1/2014,10, October ,2014
Small Business,Germany, Velo , Medium ,1250,120,300,375000,18750,5.00%,356250,312500,87.72%,43750,11.67%,Low,12/1/2014,12, December ,2014
Small Business,Germany, Amarilla , Medium ,1250,260,300,375000,18750,5.00%,356250,312500,87.72%,43750,11.67%,Low,12/1/2014,12, December ,2014
Government,Germany, Paseo , Medium ,1259,10,7,8813,705.04,8.00%,8107.96,6295,77.64%,1812.96,20.57%,Medium,4/1/2014,4, April ,2014
Midmarket,Canada, Velo , Medium ,1262,120,15,18930,1325.1,7.00%,17604.9,12620,71.68%,4984.9,26.33%,Medium,5/1/2014,5, May ,2014
Government,United States of America, VTT , Medium ,1265,250,20,25300,1265,5.00%,24035,12650,52.63%,11385,45.00%,High,11/1/2013,11, November ,2013
Government,Canada, Velo , Medium ,1269,120,350,444150,39973.5,9.00%,404176.5,329940,81.63%,74236.5,16.71%,Medium,10/1/2014,10, October ,2014
Government,Canada, Amarilla , Medium ,1269,260,350,444150,39973.5,9.00%,404176.5,329940,81.63%,74236.5,16.71%,Medium,10/1/2014,10, October ,2014
Government,France, VTT , High ,1281,250,350,448350,62769,14.00%,385581,333060,86.38%,52521,11.71%,Low,12/1/2013,12, December ,2013
Government,United States of America, Montana , Medium ,1282,5,20,25640,2051.2,8.00%,23588.8,12820,54.35%,10768.8,42.00%,High,6/1/2014,6, June ,2014
Government,United States of America, Amarilla , Medium ,1282,260,20,25640,2051.2,8.00%,23588.8,12820,54.35%,10768.8,42.00%,High,6/1/2014,6, June ,2014
Small Business,Canada, Montana , Medium ,1283,5,300,384900,30792,8.00%,354108,320750,90.58%,33358,8.67%,Low,9/1/2013,9, September ,2013
Enterprise,France, Montana , Low ,1287,5,125,160875,4826.25,3.00%,156048.75,154440,98.97%,1608.75,1.00%,Low,12/1/2014,12, December ,2014
Enterprise,France, Paseo , Low ,1287,10,125,160875,4826.25,3.00%,156048.75,154440,98.97%,1608.75,1.00%,Low,12/1/2014,12, December ,2014
Channel Partners,Canada, Carretera , Low ,1295,3,12,15540,310.8,2.00%,15229.2,3885,25.51%,11344.2,73.00%,High,10/1/2014,10, October ,2014
Channel Partners,Canada, Paseo , Low ,1295,10,12,15540,310.8,2.00%,15229.2,3885,25.51%,11344.2,73.00%,High,10/1/2014,10, October ,2014
Government,United States of America, Montana , High ,1298,5,7,9086,1181.18,13.00%,7904.82,6490,82.10%,1414.82,15.57%,Medium,2/1/2014,2, February ,2014
Government,France, Paseo , Medium ,1303,10,20,26060,1303,5.00%,24757,13030,52.63%,11727,45.00%,High,2/1/2014,2, February ,2014
Government,Germany, Velo , Medium ,1307,120,350,457450,41170.5,9.00%,416279.5,339820,81.63%,76459.5,16.71%,Medium,7/1/2014,7, July ,2014
Government,Germany, Carretera ,,1321,3,20,26420,0,0.00%,26420,13210,50.00%,13210,50.00%,High,1/1/2014,1, January ,2014
Small Business,France, Paseo , Medium ,1324,10,300,397200,35748,9.00%,361452,331000,91.58%,30452,7.67%,Low,11/1/2014,11, November ,2014
Government,Canada, VTT , Low ,1326,250,7,9282,92.82,1.00%,9189.18,6630,72.15%,2559.18,27.57%,Medium,3/1/2014,3, March ,2014
Government,Mexico, Velo , Medium ,1333,120,7,9331,559.86,6.00%,8771.14,6665,75.99%,2106.14,22.57%,Medium,11/1/2014,11, November ,2014
Government,Germany, Amarilla , Medium ,1350,260,350,472500,23625,5.00%,448875,351000,78.20%,97875,20.71%,Medium,2/1/2014,2, February ,2014
Government,United States of America, VTT , Medium ,1351.5,250,350,473025,42572.25,9.00%,430452.75,351390,81.63%,79062.75,16.71%,Medium,4/1/2014,4, April ,2014
Small Business,Germany, Paseo , High ,1359,10,300,407700,48924,12.00%,358776,339750,94.70%,19026,4.67%,Low,11/1/2014,11, November ,2014
Government,Mexico, Carretera , Medium ,1362,3,350,476700,38136,8.00%,438564,354120,80.75%,84444,17.71%,Medium,12/1/2014,12, December ,2014
Government,Mexico, Paseo , Medium ,1362,10,350,476700,38136,8.00%,438564,354120,80.75%,84444,17.71%,Medium,12/1/2014,12, December ,2014
Small Business,Canada, Paseo , High ,1366,10,300,409800,45078,11.00%,364722,341500,93.63%,23222,5.67%,Low,11/1/2014,11, November ,2014
Government,Germany, Paseo , Medium ,1366,10,20,27320,2185.6,8.00%,25134.4,13660,54.35%,11474.4,42.00%,High,6/1/2014,6, June ,2014
Government,Germany, Amarilla , Medium ,1366,260,20,27320,2185.6,8.00%,25134.4,13660,54.35%,11474.4,42.00%,High,6/1/2014,6, June ,2014
Government,Mexico, Montana , High ,1368,5,7,9576,1436.4,15.00%,8139.6,6840,84.03%,1299.6,13.57%,Low,2/1/2014,2, February ,2014
Channel Partners,United States of America, Paseo , Low ,1369.5,10,12,16434,493.02,3.00%,15940.98,4108.5,25.77%,11832.48,72.00%,High,7/1/2014,7, July ,2014
Small Business,United States of America, Velo , Medium ,1372,120,300,411600,28812,7.00%,382788,343000,89.61%,39788,9.67%,Low,12/1/2014,12, December ,2014
Small Business,United States of America, Amarilla , Medium ,1372,260,300,411600,28812,7.00%,382788,343000,89.61%,39788,9.67%,Low,12/1/2014,12, December ,2014
Government,Germany, Paseo , Medium ,1372,10,7,9604,480.2,5.00%,9123.8,6860,75.19%,2263.8,23.57%,Medium,1/1/2014,1, January ,2014
Channel Partners,Mexico, Amarilla , Medium ,1375,260,12,16500,1320,8.00%,15180,4125,27.17%,11055,67.00%,High,12/1/2013,12, December ,2013
Government,France, Montana , Low ,1375.5,5,20,27510,275.1,1.00%,27234.9,13755,50.51%,13479.9,49.00%,High,7/1/2014,7, July ,2014
Government,France, Montana , Medium ,1384.5,5,350,484575,24228.75,5.00%,460346.25,359970,78.20%,100376.25,20.71%,Medium,1/1/2014,1, January ,2014
Government,Canada, Paseo , Medium ,1389,10,20,27780,1389,5.00%,26391,13890,52.63%,12501,45.00%,High,10/1/2013,10, October ,2013
Government,Canada, VTT , Medium ,1389,250,20,27780,1389,5.00%,26391,13890,52.63%,12501,45.00%,High,10/1/2013,10, October ,2013
Channel Partners,France, Paseo , High ,1393,10,12,16716,2340.24,14.00%,14375.76,4179,29.07%,10196.76,61.00%,High,10/1/2014,10, October ,2014
Channel Partners,France, Amarilla , High ,1393,260,12,16716,2340.24,14.00%,14375.76,4179,29.07%,10196.76,61.00%,High,10/1/2014,10, October ,2014
Government,Mexico, Velo , High ,1395,120,350,488250,58590,12.00%,429660,362700,84.42%,66960,13.71%,Low,7/1/2014,7, July ,2014
Government,Mexico, Carretera , Low ,1397,3,350,488950,4889.5,1.00%,484060.5,363220,75.04%,120840.5,24.71%,Medium,10/1/2014,10, October ,2014
Government,Mexico, VTT , Low ,1397,250,350,488950,4889.5,1.00%,484060.5,363220,75.04%,120840.5,24.71%,Medium,10/1/2014,10, October ,2014
Government,France, Montana , Medium ,1403,5,7,9821,589.26,6.00%,9231.74,7015,75.99%,2216.74,22.57%,Medium,10/1/2013,10, October ,2013
Government,France, Amarilla , Medium ,1403,260,7,9821,589.26,6.00%,9231.74,7015,75.99%,2216.74,22.57%,Medium,10/1/2013,10, October ,2013
Small Business,Canada, Paseo , Medium ,1404,10,300,421200,29484,7.00%,391716,351000,89.61%,40716,9.67%,Low,11/1/2013,11, November ,2013
Small Business,Germany, Paseo , Low ,1414.5,10,300,424350,16974,4.00%,407376,353625,86.81%,53751,12.67%,Low,4/1/2014,4, April ,2014
Government,United States of America, Velo , Medium ,1421,120,20,28420,1989.4,7.00%,26430.6,14210,53.76%,12220.6,43.00%,High,12/1/2013,12, December ,2013
Enterprise,France, Amarilla , High ,1433,260,125,179125,19703.75,11.00%,159421.25,171960,107.87%,-12538.75,-7.00%,Low,5/1/2014,5, May ,2014
Government,United States of America, Paseo , High ,1438.5,10,7,10069.5,1309.04,13.00%,8760.47,7192.5,82.10%,1567.97,15.57%,Medium,1/1/2014,1, January ,2014
Channel Partners,Canada, Carretera , Low ,1445,3,12,17340,173.4,1.00%,17166.6,4335,25.25%,12831.6,74.00%,High,9/1/2014,9, September ,2014
Government,Germany, Montana , Medium ,1460,5,350,511000,30660,6.00%,480340,379600,79.03%,100740,19.71%,Medium,5/1/2014,5, May ,2014
Channel Partners,United States of America, Velo , Low ,1465,120,12,17580,703.2,4.00%,16876.8,4395,26.04%,12481.8,71.00%,High,3/1/2014,3, March ,2014
Enterprise,France, Carretera , High ,1482,3,125,185250,18525,10.00%,166725,177840,106.67%,-11115,-6.00%,Low,12/1/2013,12, December ,2013
Government,France, VTT , High ,1491,250,7,10437,1252.44,12.00%,9184.56,7455,81.17%,1729.56,16.57%,Medium,3/1/2014,3, March ,2014
Government,Mexico, Velo ,,1493,120,7,10451,0,0.00%,10451,7465,71.43%,2986,28.57%,Medium,1/1/2014,1, January ,2014
Government,France, Paseo , Medium ,1496,10,350,523600,31416,6.00%,492184,388960,79.03%,103224,19.71%,Medium,6/1/2014,6, June ,2014
Government,France, Velo , Medium ,1496,120,350,523600,31416,6.00%,492184,388960,79.03%,103224,19.71%,Medium,6/1/2014,6, June ,2014
Small Business,Canada, Carretera , High ,1496,3,300,448800,62832,14.00%,385968,374000,96.90%,11968,2.67%,Low,10/1/2014,10, October ,2014
Small Business,Canada, VTT , High ,1496,250,300,448800,62832,14.00%,385968,374000,96.90%,11968,2.67%,Low,10/1/2014,10, October ,2014
Government,Mexico, Velo , Medium ,1498,120,7,10486,629.16,6.00%,9856.84,7490,75.99%,2366.84,22.57%,Medium,6/1/2014,6, June ,2014
Government,Mexico, VTT , Medium ,1498,250,7,10486,629.16,6.00%,9856.84,7490,75.99%,2366.84,22.57%,Medium,6/1/2014,6, June ,2014
Government,Germany, Carretera ,,1513,3,350,529550,0,0.00%,529550,393380,74.29%,136170,25.71%,Medium,12/1/2014,12, December ,2014
Government,Germany, Paseo ,,1513,10,350,529550,0,0.00%,529550,393380,74.29%,136170,25.71%,Medium,12/1/2014,12, December ,2014
Midmarket,Germany, Carretera , High ,1513,3,15,22695,3177.3,14.00%,19517.7,15130,77.52%,4387.7,19.33%,Medium,11/1/2014,11, November ,2014
Midmarket,United States of America, Paseo , Low ,1514,10,15,22710,227.1,1.00%,22482.9,15140,67.34%,7342.9,32.33%,Medium,2/1/2014,2, February ,2014
Midmarket,Mexico, Paseo , Low ,1514,10,15,22710,908.4,4.00%,21801.6,15140,69.44%,6661.6,29.33%,Medium,10/1/2013,10, October ,2013
Midmarket,Mexico, VTT , Low ,1514,250,15,22710,908.4,4.00%,21801.6,15140,69.44%,6661.6,29.33%,Medium,10/1/2013,10, October ,2013
Government,Germany, Amarilla , Medium ,1520,260,20,30400,2432,8.00%,27968,15200,54.35%,12768,42.00%,High,11/1/2014,11, November ,2014
Government,France, VTT ,,1527,250,350,534450,0,0.00%,534450,397020,74.29%,137430,25.71%,Medium,9/1/2013,9, September ,2013
Midmarket,Germany, Velo , Medium ,1530,120,15,22950,1377,6.00%,21573,15300,70.92%,6273,27.33%,Medium,5/1/2014,5, May ,2014
Government,Germany, Paseo , High ,1531,10,20,30620,3674.4,12.00%,26945.6,15310,56.82%,11635.6,38.00%,Medium,12/1/2014,12, December ,2014
Government,Germany, VTT , High ,1531,250,20,30620,3674.4,12.00%,26945.6,15310,56.82%,11635.6,38.00%,Medium,12/1/2014,12, December ,2014
Government,France, Paseo , Medium ,1535,10,20,30700,2149,7.00%,28551,15350,53.76%,13201,43.00%,High,9/1/2014,9, September ,2014
Enterprise,Mexico, Carretera , Medium ,1540,3,125,192500,15400,8.00%,177100,184800,104.35%,-7700,-4.00%,Low,8/1/2014,8, August ,2014
Channel Partners,Germany, Montana ,,1545,5,12,18540,0,0.00%,18540,4635,25.00%,13905,75.00%,High,6/1/2014,6, June ,2014
Channel Partners,Germany, Velo ,,1545,120,12,18540,0,0.00%,18540,4635,25.00%,13905,75.00%,High,6/1/2014,6, June ,2014
Midmarket,Canada, Carretera , High ,1560,3,15,23400,2574,11.00%,20826,15600,74.91%,5226,22.33%,Medium,11/1/2013,11, November ,2013
Small Business,France, Montana , Medium ,1562,5,300,468600,37488,8.00%,431112,390500,90.58%,40612,8.67%,Low,8/1/2014,8, August ,2014
Government,France, Carretera , Medium ,1563,3,20,31260,1563,5.00%,29697,15630,52.63%,14067,45.00%,High,5/1/2014,5, May ,2014
Midmarket,Canada, Paseo , High ,1565,10,15,23475,3051.75,13.00%,20423.25,15650,76.63%,4773.25,20.33%,Medium,10/1/2014,10, October ,2014
Midmarket,Canada, VTT , High ,1565,250,15,23475,3051.75,13.00%,20423.25,15650,76.63%,4773.25,20.33%,Medium,10/1/2014,10, October ,2014
Government,United States of America, Montana , Low ,1566,5,20,31320,626.4,2.00%,30693.6,15660,51.02%,15033.6,48.00%,High,10/1/2014,10, October ,2014
Government,United States of America, Velo , Low ,1566,120,20,31320,626.4,2.00%,30693.6,15660,51.02%,15033.6,48.00%,High,10/1/2014,10, October ,2014
Enterprise,Germany, Paseo , Low ,1570,10,125,196250,5887.5,3.00%,190362.5,188400,98.97%,1962.5,1.00%,Low,6/1/2014,6, June ,2014
Enterprise,Germany, VTT , Low ,1570,250,125,196250,5887.5,3.00%,190362.5,188400,98.97%,1962.5,1.00%,Low,6/1/2014,6, June ,2014
Enterprise,Mexico, Velo , High ,1575,120,125,196875,27562.5,14.00%,169312.5,189000,111.63%,-19687.5,-10.00%,Low,2/1/2014,2, February ,2014
Government,France, Velo , Medium ,1579,120,20,31580,1579,5.00%,30001,15790,52.63%,14211,45.00%,High,8/1/2014,8, August ,2014
Government,United States of America, VTT , High ,1579,250,7,11053,1215.83,11.00%,9837.17,7895,80.26%,1942.17,17.57%,Medium,3/1/2014,3, March ,2014
Channel Partners,Germany, Carretera , Medium ,1580,3,12,18960,1706.4,9.00%,17253.6,4740,27.47%,12513.6,66.00%,High,9/1/2014,9, September ,2014
Government,Canada, Velo , Medium ,1582,120,7,11074,775.18,7.00%,10298.82,7910,76.80%,2388.82,21.57%,Medium,12/1/2014,12, December ,2014
Government,Canada, VTT , Medium ,1582,250,7,11074,775.18,7.00%,10298.82,7910,76.80%,2388.82,21.57%,Medium,12/1/2014,12, December ,2014
Enterprise,Canada, Paseo , High ,1583,10,125,197875,25723.75,13.00%,172151.25,189960,110.34%,-17808.75,-9.00%,Low,6/1/2014,6, June ,2014
Enterprise,Canada, VTT , High ,1583,250,125,197875,25723.75,13.00%,172151.25,189960,110.34%,-17808.75,-9.00%,Low,6/1/2014,6, June ,2014
Government,France, Paseo , High ,1594,10,350,557900,66948,12.00%,490952,414440,84.42%,76512,13.71%,Low,11/1/2014,11, November ,2014
Enterprise,United States of America, Velo , High ,1596,120,125,199500,19950,10.00%,179550,191520,106.67%,-11970,-6.00%,Low,9/1/2014,9, September ,2014
Government,Germany, Paseo , Medium ,1598,10,7,11186,894.88,8.00%,10291.12,7990,77.64%,2301.12,20.57%,Medium,8/1/2014,8, August ,2014
Small Business,Mexico, Paseo , Medium ,1607,10,300,482100,24105,5.00%,457995,401750,87.72%,56245,11.67%,Low,4/1/2014,4, April ,2014
Government,Canada, Montana , Medium ,1611,5,7,11277,1014.93,9.00%,10262.07,8055,78.49%,2207.07,19.57%,Medium,12/1/2013,12, December ,2013
Midmarket,Canada, Paseo , High ,1614,10,15,24210,3631.5,15.00%,20578.5,16140,78.43%,4438.5,18.33%,Medium,4/1/2014,4, April ,2014
Government,Canada, Carretera ,,1618.5,3,20,32370,0,0.00%,32370,16185,50.00%,16185,50.00%,High,1/1/2014,1, January ,2014
Midmarket,Canada, Amarilla , Medium ,1630.5,260,15,24457.5,2201.18,9.00%,22256.33,16305,73.26%,5951.33,24.33%,Medium,7/1/2014,7, July ,2014
Government,Mexico, VTT , Low ,1642,250,350,574700,17241,3.00%,557459,426920,76.58%,130539,22.71%,Medium,8/1/2014,8, August ,2014
Enterprise,Canada, Amarilla , Medium ,1645,260,125,205625,14393.75,7.00%,191231.25,197400,103.23%,-6168.75,-3.00%,Low,5/1/2014,5, May ,2014
Small Business,France, Velo , Medium ,1659,120,300,497700,34839,7.00%,462861,414750,89.61%,48111,9.67%,Low,7/1/2014,7, July ,2014
Enterprise,Canada, Amarilla , High ,1659,260,125,207375,26958.75,13.00%,180416.25,199080,110.34%,-18663.75,-9.00%,Low,1/1/2014,1, January ,2014
Enterprise,Mexico, Montana , Low ,1660,5,125,207500,4150,2.00%,203350,199200,97.96%,4150,2.00%,Low,11/1/2013,11, November ,2013
Government,France, Montana , Medium ,1666,5,350,583100,52479,9.00%,530621,433160,81.63%,97461,16.71%,Medium,5/1/2014,5, May ,2014
Government,Mexico, Amarilla , Medium ,1679,260,350,587650,35259,6.00%,552391,436540,79.03%,115851,19.71%,Medium,9/1/2014,9, September ,2014
Government,Mexico, Amarilla , Medium ,1683,260,7,11781,589.05,5.00%,11191.95,8415,75.19%,2776.95,23.57%,Medium,7/1/2014,7, July ,2014
Government,Germany, Amarilla ,,1686,260,7,11802,0,0.00%,11802,8430,71.43%,3372,28.57%,Medium,7/1/2014,7, July ,2014
Government,Mexico, Amarilla , Medium ,1694,260,20,33880,3049.2,9.00%,30830.8,16940,54.95%,13890.8,41.00%,High,11/1/2014,11, November ,2014
Small Business,Canada, Paseo , Medium ,1702,10,300,510600,35742,7.00%,474858,425500,89.61%,49358,9.67%,Low,5/1/2014,5, May ,2014
Enterprise,Germany, Montana , Low ,1706,5,125,213250,6397.5,3.00%,206852.5,204720,98.97%,2132.5,1.00%,Low,12/1/2014,12, December ,2014
Enterprise,Germany, Paseo , Low ,1706,10,125,213250,6397.5,3.00%,206852.5,204720,98.97%,2132.5,1.00%,Low,12/1/2014,12, December ,2014
Government,Mexico, Montana , High ,1715,5,20,34300,4116,12.00%,30184,17150,56.82%,13034,38.00%,Medium,10/1/2013,10, October ,2013
Government,Mexico, Paseo , High ,1715,10,20,34300,4116,12.00%,30184,17150,56.82%,13034,38.00%,Medium,10/1/2013,10, October ,2013
Government,Canada, Paseo ,,1725,10,350,603750,0,0.00%,603750,448500,74.29%,155250,25.71%,Medium,11/1/2013,11, November ,2013
Government,Mexico, Montana , High ,1727,5,7,12089,1692.46,14.00%,10396.54,8635,83.06%,1761.54,14.57%,Low,10/1/2013,10, October ,2013
Government,Mexico, Amarilla , High ,1727,260,7,12089,1692.46,14.00%,10396.54,8635,83.06%,1761.54,14.57%,Low,10/1/2013,10, October ,2013
Small Business,Germany, Paseo , Low ,1728,10,300,518400,10368,2.00%,508032,432000,85.03%,76032,14.67%,Low,5/1/2014,5, May ,2014
Government,France, Paseo , High ,1731,10,7,12117,1696.38,14.00%,10420.62,8655,83.06%,1765.62,14.57%,Low,10/1/2014,10, October ,2014
Government,France, Amarilla , High ,1731,260,7,12117,1696.38,14.00%,10420.62,8655,83.06%,1765.62,14.57%,Low,10/1/2014,10, October ,2014
Channel Partners,France, VTT , High ,1734,250,12,20808,2288.88,11.00%,18519.12,5202,28.09%,13317.12,64.00%,High,1/1/2014,1, January ,2014
Channel Partners,France, VTT , Medium ,1738.5,250,12,20862,1460.34,7.00%,19401.66,5215.5,26.88%,14186.16,68.00%,High,4/1/2014,4, April ,2014
Government,United States of America, Carretera , High ,1743,3,20,34860,4880.4,14.00%,29979.6,17430,58.14%,12549.6,36.00%,Medium,5/1/2014,5, May ,2014
Midmarket,Germany, Paseo , Medium ,1743,10,15,26145,1568.7,6.00%,24576.3,17430,70.92%,7146.3,27.33%,Medium,8/1/2014,8, August ,2014
Midmarket,Canada, Paseo , High ,1743,10,15,26145,3660.3,14.00%,22484.7,17430,77.52%,5054.7,19.33%,Medium,10/1/2013,10, October ,2013
Midmarket,Canada, Amarilla , High ,1743,260,15,26145,3660.3,14.00%,22484.7,17430,77.52%,5054.7,19.33%,Medium,10/1/2013,10, October ,2013
Enterprise,France, VTT , Low ,1744,250,125,218000,2180,1.00%,215820,209280,96.97%,6540,3.00%,Low,11/1/2014,11, November ,2014
Government,France, Montana , Medium ,1757,5,20,35140,2108.4,6.00%,33031.6,17570,53.19%,15461.6,44.00%,High,10/1/2013,10, October ,2013
Government,France, Paseo , Medium ,1757,10,20,35140,2108.4,6.00%,33031.6,17570,53.19%,15461.6,44.00%,High,10/1/2013,10, October ,2013
Government,Mexico, Paseo , Low ,1760,10,7,12320,369.6,3.00%,11950.4,8800,73.64%,3150.4,25.57%,Medium,9/1/2013,9, September ,2013
Government,United States of America, Carretera , Medium ,1761,3,350,616350,43144.5,7.00%,573205.5,457860,79.88%,115345.5,18.71%,Medium,3/1/2014,3, March ,2014
Midmarket,United States of America, Paseo , High ,1767,10,15,26505,3710.7,14.00%,22794.3,17670,77.52%,5124.3,19.33%,Medium,9/1/2014,9, September ,2014
Channel Partners,Germany, Amarilla , High ,1770,260,12,21240,2761.2,13.00%,18478.8,5310,28.74%,13168.8,62.00%,High,12/1/2013,12, December ,2013
Small Business,France, Montana , High ,1773,5,300,531900,63828,12.00%,468072,443250,94.70%,24822,4.67%,Low,4/1/2014,4, April ,2014
Enterprise,Canada, Paseo , Low ,1774,10,125,221750,6652.5,3.00%,215097.5,212880,98.97%,2217.5,1.00%,Low,3/1/2014,3, March ,2014
Channel Partners,Germany, Paseo , Medium ,1775,10,12,21300,1917,9.00%,19383,5325,27.47%,14058,66.00%,High,11/1/2013,11, November ,2013
Government,Canada, Amarilla , Low ,1778,260,350,622300,24892,4.00%,597408,462280,77.38%,135128,21.71%,Medium,12/1/2013,12, December ,2013
Channel Partners,France, Paseo , Low ,1785,10,12,21420,428.4,2.00%,20991.6,5355,25.51%,15636.6,73.00%,High,11/1/2013,11, November ,2013
Government,France, Carretera , High ,1790,3,350,626500,81445,13.00%,545055,465400,85.39%,79655,12.71%,Low,3/1/2014,3, March ,2014
Government,Germany, Montana , Low ,1797,5,350,628950,18868.5,3.00%,610081.5,467220,76.58%,142861.5,22.71%,Medium,9/1/2013,9, September ,2013
Government,Canada, Paseo , Medium ,1802,10,20,36040,1802,5.00%,34238,18020,52.63%,16218,45.00%,High,12/1/2013,12, December ,2013
Enterprise,France, Velo ,,1804,120,125,225500,0,0.00%,225500,216480,96.00%,9020,4.00%,Low,2/1/2014,2, February ,2014
Enterprise,United States of America, Montana , High ,1804,5,125,225500,22550,10.00%,202950,216480,106.67%,-13530,-6.00%,Low,11/1/2013,11, November ,2013
Channel Partners,United States of America, VTT , High ,1806,250,12,21672,3250.8,15.00%,18421.2,5418,29.41%,13003.2,60.00%,High,5/1/2014,5, May ,2014
Government,Canada, Velo , High ,1808,120,7,12656,1392.16,11.00%,11263.84,9040,80.26%,2223.84,17.57%,Medium,11/1/2014,11, November ,2014
Government,Canada, Paseo ,,1817,10,20,36340,0,0.00%,36340,18170,50.00%,18170,50.00%,High,12/1/2014,12, December ,2014
Government,Canada, VTT ,,1817,250,20,36340,0,0.00%,36340,18170,50.00%,18170,50.00%,High,12/1/2014,12, December ,2014
Enterprise,Mexico, Paseo , Low ,1823,10,125,227875,2278.75,1.00%,225596.25,218760,96.97%,6836.25,3.00%,Low,7/1/2014,7, July ,2014
Government,Canada, Montana , Low ,1830,5,7,12810,128.1,1.00%,12681.9,9150,72.15%,3531.9,27.57%,Medium,8/1/2014,8, August ,2014
Government,Mexico, Carretera , Medium ,1834,3,20,36680,2567.6,7.00%,34112.4,18340,53.76%,15772.4,43.00%,High,9/1/2013,9, September ,2013
Enterprise,France, Montana , Medium ,1857,5,125,232125,20891.25,9.00%,211233.75,222840,105.49%,-11606.25,-5.00%,Low,11/1/2013,11, November ,2013
Channel Partners,United States of America, Carretera , Low ,1858,3,12,22296,222.96,1.00%,22073.04,5574,25.25%,16499.04,74.00%,High,2/1/2014,2, February ,2014
Small Business,Germany, Montana , Low ,1859,5,300,557700,22308,4.00%,535392,464750,86.81%,70642,12.67%,Low,8/1/2014,8, August ,2014
Government,Mexico, Amarilla , Low ,1865,260,350,652750,26110,4.00%,626640,484900,77.38%,141740,21.71%,Medium,2/1/2014,2, February ,2014
Channel Partners,France, Carretera , Medium ,1865,3,12,22380,1119,5.00%,21261,5595,26.32%,15666,70.00%,High,2/1/2014,2, February ,2014
Small Business,United States of America, VTT , Medium ,1867,250,300,560100,50409,9.00%,509691,466750,91.58%,42941,7.67%,Low,9/1/2014,9, September ,2014
Government,Germany, VTT , High ,1870,250,350,654500,65450,10.00%,589050,486200,82.54%,102850,15.71%,Medium,12/1/2013,12, December ,2013
Midmarket,Mexico, Amarilla , High ,1870,260,15,28050,3927,14.00%,24123,18700,77.52%,5423,19.33%,Medium,11/1/2013,11, November ,2013
Small Business,Canada, VTT , Low ,1874,250,300,562200,16866,3.00%,545334,468500,85.91%,76834,13.67%,Low,8/1/2014,8, August ,2014
Channel Partners,Canada, Carretera , Medium ,1884,3,12,22608,1582.56,7.00%,21025.44,5652,26.88%,15373.44,68.00%,High,8/1/2014,8, August ,2014
Government,France, Montana ,,1899,5,20,37980,0,0.00%,37980,18990,50.00%,18990,50.00%,High,6/1/2014,6, June ,2014
Government,France, Amarilla ,,1899,260,20,37980,0,0.00%,37980,18990,50.00%,18990,50.00%,High,6/1/2014,6, June ,2014
Channel Partners,France, Montana , Low ,1901,5,12,22812,684.36,3.00%,22127.64,5703,25.77%,16424.64,72.00%,High,6/1/2014,6, June ,2014
Channel Partners,France, Paseo , Low ,1901,10,12,22812,684.36,3.00%,22127.64,5703,25.77%,16424.64,72.00%,High,6/1/2014,6, June ,2014
Government,Germany, Amarilla , Low ,1907,260,350,667450,26698,4.00%,640752,495820,77.38%,144932,21.71%,Medium,9/1/2014,9, September ,2014
Small Business,Canada, Paseo , Low ,1916,10,300,574800,11496,2.00%,563304,479000,85.03%,84304,14.67%,Low,12/1/2014,12, December ,2014
Small Business,Canada, Amarilla , Low ,1916,260,300,574800,11496,2.00%,563304,479000,85.03%,84304,14.67%,Low,12/1/2014,12, December ,2014
Channel Partners,Mexico, VTT , Low ,1916,250,12,22992,689.76,3.00%,22302.24,5748,25.77%,16554.24,72.00%,High,4/1/2014,4, April ,2014
Enterprise,Canada, Velo , High ,1916,120,125,239500,23950,10.00%,215550,229920,106.67%,-14370,-6.00%,Low,12/1/2013,12, December ,2013
Government,France, Paseo , High ,1922,10,350,672700,94178,14.00%,578522,499720,86.38%,78802,11.71%,Low,11/1/2013,11, November ,2013
Midmarket,United States of America, Paseo , Low ,1925,10,15,28875,577.5,2.00%,28297.5,19250,68.03%,9047.5,31.33%,Medium,12/1/2013,12, December ,2013
Government,Germany, Paseo , Medium ,1934,10,20,38680,3094.4,8.00%,35585.6,19340,54.35%,16245.6,42.00%,High,9/1/2014,9, September ,2014
Channel Partners,Canada, Carretera , High ,1937,3,12,23244,2556.84,11.00%,20687.16,5811,28.09%,14876.16,64.00%,High,2/1/2014,2, February ,2014
Government,Mexico, VTT , Low ,1940,250,350,679000,13580,2.00%,665420,504400,75.80%,161020,23.71%,Medium,12/1/2013,12, December ,2013
Midmarket,Germany, Paseo , Low ,1945,10,15,29175,875.25,3.00%,28299.75,19450,68.73%,8849.75,30.33%,Medium,10/1/2013,10, October ,2013
Midmarket,Germany, VTT , Low ,1945,250,15,29175,875.25,3.00%,28299.75,19450,68.73%,8849.75,30.33%,Medium,10/1/2013,10, October ,2013
Government,Mexico, Paseo , Medium ,1946,10,7,13622,1089.76,8.00%,12532.24,9730,77.64%,2802.24,20.57%,Medium,12/1/2013,12, December ,2013
Channel Partners,United States of America, Carretera , Low ,1947,3,12,23364,700.92,3.00%,22663.08,5841,25.77%,16822.08,72.00%,High,9/1/2014,9, September ,2014
Channel Partners,United States of America, Amarilla ,,1953,260,12,23436,0,0.00%,23436,5859,25.00%,17577,75.00%,High,4/1/2014,4, April ,2014
Government,France, Paseo , High ,1954,10,20,39080,3908,10.00%,35172,19540,55.56%,15632,40.00%,Medium,3/1/2014,3, March ,2014
Channel Partners,United States of America, VTT , Medium ,1956,250,12,23472,2112.48,9.00%,21359.52,5868,27.47%,15491.52,66.00%,High,1/1/2014,1, January ,2014
Government,Germany, Montana , Low ,1958,5,7,13706,411.18,3.00%,13294.82,9790,73.64%,3504.82,25.57%,Medium,2/1/2014,2, February ,2014
Channel Partners,France, Velo , Medium ,1967,120,12,23604,2124.36,9.00%,21479.64,5901,27.47%,15578.64,66.00%,High,3/1/2014,3, March ,2014
Midmarket,Canada, Montana , Low ,1967,5,15,29505,1180.2,4.00%,28324.8,19670,69.44%,8654.8,29.33%,Medium,3/1/2014,3, March ,2014
Government,France, Montana , Medium ,1976,5,20,39520,2766.4,7.00%,36753.6,19760,53.76%,16993.6,43.00%,High,10/1/2014,10, October ,2014
Government,France, Velo , Medium ,1976,120,20,39520,2766.4,7.00%,36753.6,19760,53.76%,16993.6,43.00%,High,10/1/2014,10, October ,2014
Midmarket,Mexico, Paseo , High ,1984,10,15,29760,3273.6,11.00%,26486.4,19840,74.91%,6646.4,22.33%,Medium,8/1/2014,8, August ,2014
Enterprise,France, Amarilla , Medium ,1987.5,260,125,248437.5,14906.25,6.00%,233531.25,238500,102.13%,-4968.75,-2.00%,Low,1/1/2014,1, January ,2014
Channel Partners,United States of America, Amarilla , Low ,1989,260,12,23868,238.68,1.00%,23629.32,5967,25.25%,17662.32,74.00%,High,9/1/2013,9, September ,2013
Small Business,Canada, VTT ,,2001,250,300,600300,0,0.00%,600300,500250,83.33%,100050,16.67%,Medium,2/1/2014,2, February ,2014
Government,United States of America, Paseo , High ,2007,10,350,702450,105367.5,15.00%,597082.5,521820,87.39%,75262.5,10.71%,Low,11/1/2013,11, November ,2013
Enterprise,Canada, Paseo , Low ,2009,10,125,251125,7533.75,3.00%,243591.25,241080,98.97%,2511.25,1.00%,Low,10/1/2014,10, October ,2014
Enterprise,Canada, Velo , Low ,2009,120,125,251125,7533.75,3.00%,243591.25,241080,98.97%,2511.25,1.00%,Low,10/1/2014,10, October ,2014
Government,United States of America, Paseo , Low ,2013,10,7,14091,281.82,2.00%,13809.18,10065,72.89%,3744.18,26.57%,Medium,12/1/2013,12, December ,2013
Channel Partners,United States of America, Amarilla , High ,2015,260,12,24180,3385.2,14.00%,20794.8,6045,29.07%,14749.8,61.00%,High,12/1/2013,12, December ,2013
Small Business,Germany, Carretera , Low ,2021,3,300,606300,24252,4.00%,582048,505250,86.81%,76798,12.67%,Low,10/1/2014,10, October ,2014
Small Business,Germany, Montana , Low ,2021,5,300,606300,24252,4.00%,582048,505250,86.81%,76798,12.67%,Low,10/1/2014,10, October ,2014
Midmarket,United States of America, Carretera , Medium ,2030,3,15,30450,1827,6.00%,28623,20300,70.92%,8323,27.33%,Medium,11/1/2014,11, November ,2014
Midmarket,Mexico, Montana , Low ,2031,5,15,30465,1218.6,4.00%,29246.4,20310,69.44%,8936.4,29.33%,Medium,10/1/2014,10, October ,2014
Midmarket,Mexico, Paseo , Low ,2031,10,15,30465,1218.6,4.00%,29246.4,20310,69.44%,8936.4,29.33%,Medium,10/1/2014,10, October ,2014
Government,Mexico, Amarilla , High ,2039,260,20,40780,4078,10.00%,36702,20390,55.56%,16312,40.00%,Medium,5/1/2014,5, May ,2014
Government,United States of America, Amarilla , Medium ,2071,260,350,724850,65236.5,9.00%,659613.5,538460,81.63%,121153.5,16.71%,Medium,9/1/2014,9, September ,2014
Midmarket,France, Montana , High ,2072,5,15,31080,3108,10.00%,27972,20720,74.07%,7252,23.33%,Medium,12/1/2014,12, December ,2014
Midmarket,France, Amarilla , High ,2072,260,15,31080,3108,10.00%,27972,20720,74.07%,7252,23.33%,Medium,12/1/2014,12, December ,2014
Government,Canada, Paseo , Low ,2074,10,20,41480,1659.2,4.00%,39820.8,20740,52.08%,19080.8,46.00%,High,9/1/2014,9, September ,2014
Government,France, Velo , Medium ,2076,120,350,726600,43596,6.00%,683004,539760,79.03%,143244,19.71%,Medium,10/1/2013,10, October ,2013
Government,France, Amarilla , Medium ,2076,260,350,726600,43596,6.00%,683004,539760,79.03%,143244,19.71%,Medium,10/1/2013,10, October ,2013
Enterprise,Germany, Velo , Medium ,2087,120,125,260875,18261.25,7.00%,242613.75,250440,103.23%,-7826.25,-3.00%,Low,9/1/2014,9, September ,2014
Government,Canada, Velo , Low ,2092,120,7,14644,146.44,1.00%,14497.56,10460,72.15%,4037.56,27.57%,Medium,11/1/2013,11, November ,2013
Midmarket,France, Paseo , Medium ,2101,10,15,31515,2206.05,7.00%,29308.95,21010,71.68%,8298.95,26.33%,Medium,8/1/2014,8, August ,2014
Government,Canada, Paseo , High ,2104.5,10,350,736575,81023.25,11.00%,655551.75,547170,83.47%,108381.75,14.71%,Low,7/1/2014,7, July ,2014
Channel Partners,Canada, VTT , High ,2109,250,12,25308,3036.96,12.00%,22271.04,6327,28.41%,15944.04,63.00%,High,5/1/2014,5, May ,2014
Enterprise,Mexico, Velo , Medium ,2110,120,125,263750,23737.5,9.00%,240012.5,253200,105.49%,-13187.5,-5.00%,Low,9/1/2014,9, September ,2014
Midmarket,Germany, Paseo , Medium ,2116,10,15,31740,1587,5.00%,30153,21160,70.18%,8993,28.33%,Medium,12/1/2013,12, December ,2013
Government,Germany, Paseo , Medium ,2125,10,7,14875,1041.25,7.00%,13833.75,10625,76.80%,3208.75,21.57%,Medium,12/1/2013,12, December ,2013
Small Business,Canada, VTT , Medium ,2134,250,300,640200,51216,8.00%,588984,533500,90.58%,55484,8.67%,Low,9/1/2014,9, September ,2014
Government,France, Paseo , Medium ,2136,10,7,14952,747.6,5.00%,14204.4,10680,75.19%,3524.4,23.57%,Medium,12/1/2013,12, December ,2013
Channel Partners,United States of America, Amarilla ,,2141,260,12,25692,0,0.00%,25692,6423,25.00%,19269,75.00%,High,8/1/2014,8, August ,2014
Enterprise,Mexico, Paseo , Low ,2145,10,125,268125,5362.5,2.00%,262762.5,257400,97.96%,5362.5,2.00%,Low,10/1/2013,10, October ,2013
Enterprise,Mexico, Velo , Low ,2145,120,125,268125,5362.5,2.00%,262762.5,257400,97.96%,5362.5,2.00%,Low,10/1/2013,10, October ,2013
Government,France, Carretera , Low ,2145,3,7,15015,300.3,2.00%,14714.7,10725,72.89%,3989.7,26.57%,Medium,11/1/2013,11, November ,2013
Government,Germany, Paseo , Medium ,2146,10,350,751100,60088,8.00%,691012,557960,80.75%,133052,17.71%,Medium,11/1/2013,11, November ,2013
Government,Germany, Montana ,,2146,5,7,15022,0,0.00%,15022,10730,71.43%,4292,28.57%,Medium,9/1/2014,9, September ,2014
Small Business,Mexico, Paseo , High ,2150,10,300,645000,77400,12.00%,567600,537500,94.70%,30100,4.67%,Low,11/1/2014,11, November ,2014
Small Business,France, VTT ,,2151,250,300,645300,0,0.00%,645300,537750,83.33%,107550,16.67%,Medium,9/1/2014,9, September ,2014
Government,Mexico, Paseo , High ,2151,10,350,752850,112927.5,15.00%,639922.5,559260,87.39%,80662.5,10.71%,Low,11/1/2013,11, November ,2013
Midmarket,Canada, Paseo ,,2152,10,15,32280,0,0.00%,32280,21520,66.67%,10760,33.33%,Medium,12/1/2013,12, December ,2013
Government,France, Carretera , Low ,2155,3,350,754250,7542.5,1.00%,746707.5,560300,75.04%,186407.5,24.71%,Medium,12/1/2014,12, December ,2014
Government,France, Paseo , Low ,2155,10,350,754250,7542.5,1.00%,746707.5,560300,75.04%,186407.5,24.71%,Medium,12/1/2014,12, December ,2014
Enterprise,Mexico, Carretera , High ,2156,3,125,269500,32340,12.00%,237160,258720,109.09%,-21560,-8.00%,Low,10/1/2014,10, October ,2014
Enterprise,Mexico, Paseo , High ,2156,10,125,269500,32340,12.00%,237160,258720,109.09%,-21560,-8.00%,Low,10/1/2014,10, October ,2014
Midmarket,Mexico, Montana , High ,2157,5,15,32355,3559.05,11.00%,28795.95,21570,74.91%,7225.95,22.33%,Medium,12/1/2014,12, December ,2014
Midmarket,Mexico, Amarilla , High ,2157,260,15,32355,3559.05,11.00%,28795.95,21570,74.91%,7225.95,22.33%,Medium,12/1/2014,12, December ,2014
Channel Partners,Germany, Velo ,,2161,120,12,25932,0,0.00%,25932,6483,25.00%,19449,75.00%,High,3/1/2014,3, March ,2014
Midmarket,France, Paseo , High ,2167,10,15,32505,3250.5,10.00%,29254.5,21670,74.07%,7584.5,23.33%,Medium,10/1/2013,10, October ,2013
Midmarket,France, VTT , High ,2167,250,15,32505,3250.5,10.00%,29254.5,21670,74.07%,7584.5,23.33%,Medium,10/1/2013,10, October ,2013
Government,France, Velo , Low ,2177,120,350,761950,30478,4.00%,731472,566020,77.38%,165452,21.71%,Medium,10/1/2014,10, October ,2014
Government,France, VTT , Low ,2177,250,350,761950,30478,4.00%,731472,566020,77.38%,165452,21.71%,Medium,10/1/2014,10, October ,2014
Midmarket,France, Carretera ,,2178,3,15,32670,0,0.00%,32670,21780,66.67%,10890,33.33%,Medium,6/1/2014,6, June ,2014
Midmarket,France, VTT ,,2178,250,15,32670,0,0.00%,32670,21780,66.67%,10890,33.33%,Medium,6/1/2014,6, June ,2014
Small Business,France, Carretera , Medium ,2181,3,300,654300,45801,7.00%,608499,545250,89.61%,63249,9.67%,Low,10/1/2014,10, October ,2014
Small Business,France, Montana , Medium ,2181,5,300,654300,45801,7.00%,608499,545250,89.61%,63249,9.67%,Low,10/1/2014,10, October ,2014
Midmarket,United States of America, Paseo , Medium ,2198,10,15,32970,1978.2,6.00%,30991.8,21980,70.92%,9011.8,27.33%,Medium,8/1/2014,8, August ,2014
Midmarket,Mexico, Montana , Low ,2214,5,15,33210,332.1,1.00%,32877.9,22140,67.34%,10737.9,32.33%,Medium,3/1/2014,3, March ,2014
Channel Partners,Germany, VTT , Medium ,2215,250,12,26580,1860.6,7.00%,24719.4,6645,26.88%,18074.4,68.00%,High,9/1/2013,9, September ,2013
Channel Partners,Canada, Paseo , High ,2222,10,12,26664,3732.96,14.00%,22931.04,6666,29.07%,16265.04,61.00%,High,11/1/2013,11, November ,2013
Government,Canada, Montana , High ,2227.5,5,350,779625,109147.5,14.00%,670477.5,579150,86.38%,91327.5,11.71%,Low,1/1/2014,1, January ,2014
Channel Partners,France, VTT , Medium ,2234,250,12,26808,2412.72,9.00%,24395.28,6702,27.47%,17693.28,66.00%,High,9/1/2013,9, September ,2013
Government,Canada, Amarilla , High ,2240,260,350,784000,78400,10.00%,705600,582400,82.54%,123200,15.71%,Medium,2/1/2014,2, February ,2014
Government,Mexico, Montana , High ,2255,5,20,45100,5863,13.00%,39237,22550,57.47%,16687,37.00%,Medium,7/1/2014,7, July ,2014
Midmarket,France, Paseo , Low ,2261,10,15,33915,1356.6,4.00%,32558.4,22610,69.44%,9948.4,29.33%,Medium,12/1/2013,12, December ,2013
Enterprise,Germany, Amarilla , Low ,2276,260,125,284500,5690,2.00%,278810,273120,97.96%,5690,2.00%,Low,5/1/2014,5, May ,2014
Small Business,United States of America, Velo , High ,2294,120,300,688200,68820,10.00%,619380,573500,92.59%,45880,6.67%,Low,10/1/2013,10, October ,2013
Small Business,United States of America, VTT , High ,2294,250,300,688200,68820,10.00%,619380,573500,92.59%,45880,6.67%,Low,10/1/2013,10, October ,2013
Midmarket,France, Paseo , Low ,2296,10,15,34440,344.4,1.00%,34095.6,22960,67.34%,11135.6,32.33%,Medium,2/1/2014,2, February ,2014
Government,Germany, VTT , Medium ,2297,250,20,45940,2297,5.00%,43643,22970,52.63%,20673,45.00%,High,11/1/2013,11, November ,2013
Channel Partners,Canada, Carretera , Medium ,2299,3,12,27588,1655.28,6.00%,25932.72,6897,26.60%,19035.72,69.00%,High,10/1/2013,10, October ,2013
Channel Partners,Canada, Paseo , Medium ,2299,10,12,27588,1655.28,6.00%,25932.72,6897,26.60%,19035.72,69.00%,High,10/1/2013,10, October ,2013
Midmarket,Canada, Carretera , High ,2300,3,15,34500,4830,14.00%,29670,23000,77.52%,6670,19.33%,Medium,12/1/2014,12, December ,2014
Midmarket,Canada, Montana , High ,2300,5,15,34500,4830,14.00%,29670,23000,77.52%,6670,19.33%,Medium,12/1/2014,12, December ,2014
Small Business,United States of America, Montana , Low ,2301,5,300,690300,6903,1.00%,683397,575250,84.18%,108147,15.67%,Medium,4/1/2014,4, April ,2014
Government,United States of America, Montana , High ,2313,5,350,809550,80955,10.00%,728595,601380,82.54%,127215,15.71%,Medium,5/1/2014,5, May ,2014
Channel Partners,Canada, Montana , Medium ,2321,5,12,27852,2506.68,9.00%,25345.32,6963,27.47%,18382.32,66.00%,High,11/1/2014,11, November ,2014
Government,United States of America, Paseo , Medium ,2327,10,7,16289,814.45,5.00%,15474.55,11635,75.19%,3839.55,23.57%,Medium,5/1/2014,5, May ,2014
Government,United States of America, Montana , High ,2328,5,7,16296,1629.6,10.00%,14666.4,11640,79.37%,3026.4,18.57%,Medium,9/1/2014,9, September ,2014
Government,Germany, Velo , Medium ,2338,120,7,16366,1309.28,8.00%,15056.72,11690,77.64%,3366.72,20.57%,Medium,6/1/2014,6, June ,2014
Government,Germany, VTT , Medium ,2338,250,7,16366,1309.28,8.00%,15056.72,11690,77.64%,3366.72,20.57%,Medium,6/1/2014,6, June ,2014
Channel Partners,Mexico, Montana , Medium ,2340,5,12,28080,1965.6,7.00%,26114.4,7020,26.88%,19094.4,68.00%,High,1/1/2014,1, January ,2014
Channel Partners,Germany, Montana , Medium ,2342,5,12,28104,1405.2,5.00%,26698.8,7026,26.32%,19672.8,70.00%,High,11/1/2014,11, November ,2014
Channel Partners,France, Montana , Medium ,2342,5,12,28104,1967.28,7.00%,26136.72,7026,26.88%,19110.72,68.00%,High,11/1/2014,11, November ,2014
Government,Canada, Paseo , Medium ,2349,10,7,16443,822.15,5.00%,15620.85,11745,75.19%,3875.85,23.57%,Medium,9/1/2013,9, September ,2013
Midmarket,Canada, Paseo , Low ,2363,10,15,35445,708.9,2.00%,34736.1,23630,68.03%,11106.1,31.33%,Medium,2/1/2014,2, February ,2014
Enterprise,France, Paseo , Medium ,2385,10,125,298125,14906.25,5.00%,283218.75,286200,101.05%,-2981.25,-1.00%,Low,3/1/2014,3, March ,2014
Enterprise,United States of America, VTT , High ,2387,250,125,298375,35805,12.00%,262570,286440,109.09%,-23870,-8.00%,Low,11/1/2014,11, November ,2014
Government,Canada, Paseo , High ,2394,10,20,47880,5266.8,11.00%,42613.2,23940,56.18%,18673.2,39.00%,Medium,8/1/2014,8, August ,2014
Government,Germany, Paseo , Medium ,2409,10,7,16863,1349.04,8.00%,15513.96,12045,77.64%,3468.96,20.57%,Medium,9/1/2013,9, September ,2013
Enterprise,Canada, Carretera , High ,2416,3,125,302000,36240,12.00%,265760,289920,109.09%,-24160,-8.00%,Low,9/1/2013,9, September ,2013
Government,Mexico, Paseo , Medium ,2417,10,350,845950,76135.5,9.00%,769814.5,628420,81.63%,141394.5,16.71%,Medium,1/1/2014,1, January ,2014
Government,Mexico, Montana , High ,2420,5,7,16940,2032.8,12.00%,14907.2,12100,81.17%,2807.2,16.57%,Medium,9/1/2014,9, September ,2014
Channel Partners,France, Paseo , High ,2425.5,10,12,29106,3201.66,11.00%,25904.34,7276.5,28.09%,18627.84,64.00%,High,7/1/2014,7, July ,2014
Government,Canada, Paseo , High ,2428,10,20,48560,6798.4,14.00%,41761.6,24280,58.14%,17481.6,36.00%,Medium,3/1/2014,3, March ,2014
Channel Partners,Canada, Paseo , Medium ,2431,10,12,29172,1458.6,5.00%,27713.4,7293,26.32%,20420.4,70.00%,High,12/1/2014,12, December ,2014
Channel Partners,Canada, Velo , Medium ,2431,120,12,29172,1458.6,5.00%,27713.4,7293,26.32%,20420.4,70.00%,High,12/1/2014,12, December ,2014
Small Business,France, Paseo , Low ,2434.5,10,300,730350,21910.5,3.00%,708439.5,608625,85.91%,99814.5,13.67%,Low,1/1/2014,1, January ,2014
Small Business,Canada, VTT , Medium ,2436,250,300,730800,43848,6.00%,686952,609000,88.65%,77952,10.67%,Low,12/1/2013,12, December ,2013
Enterprise,United States of America, Velo , High ,2438,120,125,304750,45712.5,15.00%,259037.5,292560,112.94%,-33522.5,-11.00%,Low,12/1/2013,12, December ,2013
Enterprise,France, Carretera , High ,2441,3,125,305125,33563.75,11.00%,271561.25,292920,107.87%,-21358.75,-7.00%,Low,10/1/2014,10, October ,2014
Enterprise,France, Paseo , High ,2441,10,125,305125,33563.75,11.00%,271561.25,292920,107.87%,-21358.75,-7.00%,Low,10/1/2014,10, October ,2014
Small Business,Mexico, Paseo , Medium ,2460,10,300,738000,59040,8.00%,678960,615000,90.58%,63960,8.67%,Low,6/1/2014,6, June ,2014
Small Business,Mexico, Amarilla , Medium ,2460,260,300,738000,59040,8.00%,678960,615000,90.58%,63960,8.67%,Low,6/1/2014,6, June ,2014
Small Business,United States of America, Velo , High ,2460,120,300,738000,103320,14.00%,634680,615000,96.90%,19680,2.67%,Low,7/1/2014,7, July ,2014
Midmarket,Mexico, Carretera ,,2470,3,15,37050,0,0.00%,37050,24700,66.67%,12350,33.33%,Medium,6/1/2014,6, June ,2014
Midmarket,Mexico, Montana ,,2470,5,15,37050,0,0.00%,37050,24700,66.67%,12350,33.33%,Medium,6/1/2014,6, June ,2014
Midmarket,Canada, Paseo , High ,2470,10,15,37050,5187,14.00%,31863,24700,77.52%,7163,19.33%,Medium,9/1/2013,9, September ,2013
Midmarket,Mexico, Paseo ,,2472,10,15,37080,0,0.00%,37080,24720,66.67%,12360,33.33%,Medium,9/1/2014,9, September ,2014
Channel Partners,France, Amarilla , High ,2475,260,12,29700,4158,14.00%,25542,7425,29.07%,18117,61.00%,High,8/1/2014,8, August ,2014
Small Business,France, Amarilla , High ,2475,260,300,742500,111375,15.00%,631125,618750,98.04%,12375,1.67%,Low,3/1/2014,3, March ,2014
Channel Partners,Germany, VTT , Low ,2479,250,12,29748,892.44,3.00%,28855.56,7437,25.77%,21418.56,72.00%,High,1/1/2014,1, January ,2014
Government,France, Carretera , Medium ,2487,3,7,17409,870.45,5.00%,16538.55,12435,75.19%,4103.55,23.57%,Medium,12/1/2014,12, December ,2014
Government,France, VTT , Medium ,2487,250,7,17409,870.45,5.00%,16538.55,12435,75.19%,4103.55,23.57%,Medium,12/1/2014,12, December ,2014
Small Business,United States of America, Montana , Low ,2498,5,300,749400,7494,1.00%,741906,624500,84.18%,117406,15.67%,Medium,9/1/2013,9, September ,2013
Enterprise,Germany, Montana , Medium ,2500,5,125,312500,21875,7.00%,290625,300000,103.23%,-9375,-3.00%,Low,11/1/2013,11, November ,2013
Midmarket,France, Montana , Medium ,2501,5,15,37515,3001.2,8.00%,34513.8,25010,72.46%,9503.8,25.33%,Medium,3/1/2014,3, March ,2014
Channel Partners,Canada, Montana ,,2518,5,12,30216,0,0.00%,30216,7554,25.00%,22662,75.00%,High,6/1/2014,6, June ,2014
Channel Partners,Canada, Paseo ,,2518,10,12,30216,0,0.00%,30216,7554,25.00%,22662,75.00%,High,6/1/2014,6, June ,2014
Government,France, Carretera , High ,2521.5,3,20,50430,6051.6,12.00%,44378.4,25215,56.82%,19163.4,38.00%,Medium,1/1/2014,1, January ,2014
Government,United States of America, Carretera , Low ,2529,3,7,17703,177.03,1.00%,17525.97,12645,72.15%,4880.97,27.57%,Medium,7/1/2014,7, July ,2014
Enterprise,Canada, VTT , High ,2529,250,125,316125,31612.5,10.00%,284512.5,303480,106.67%,-18967.5,-6.00%,Low,11/1/2014,11, November ,2014
Government,France, Paseo , High ,2532,10,7,17724,1949.64,11.00%,15774.36,12660,80.26%,3114.36,17.57%,Medium,4/1/2014,4, April ,2014
Government,Mexico, Paseo , High ,2535,10,7,17745,2661.75,15.00%,15083.25,12675,84.03%,2408.25,13.57%,Low,4/1/2014,4, April ,2014
Small Business,Germany, Velo , High ,2536,120,300,760800,106512,14.00%,654288,634000,96.90%,20288,2.67%,Low,11/1/2013,11, November ,2013
Small Business,United States of America, VTT , High ,2541,250,300,762300,106722,14.00%,655578,635250,96.90%,20328,2.67%,Low,8/1/2014,8, August ,2014
Midmarket,United States of America, Amarilla , High ,2548,260,15,38220,4586.4,12.00%,33633.6,25480,75.76%,8153.6,21.33%,Medium,11/1/2013,11, November ,2013
Midmarket,Canada, Paseo , High ,2559,10,15,38385,5757.75,15.00%,32627.25,25590,78.43%,7037.25,18.33%,Medium,8/1/2014,8, August ,2014
Small Business,Mexico, Paseo , Medium ,2565,10,300,769500,69255,9.00%,700245,641250,91.58%,58995,7.67%,Low,1/1/2014,1, January ,2014
Midmarket,United States of America, Carretera , High ,2567,3,15,38505,5005.65,13.00%,33499.35,25670,76.63%,7829.35,20.33%,Medium,6/1/2014,6, June ,2014
Midmarket,United States of America, VTT , High ,2567,250,15,38505,5005.65,13.00%,33499.35,25670,76.63%,7829.35,20.33%,Medium,6/1/2014,6, June ,2014
Channel Partners,Germany, Amarilla , High ,2574,260,12,30888,3088.8,10.00%,27799.2,7722,27.78%,20077.2,65.00%,High,8/1/2014,8, August ,2014
Small Business,United States of America, Velo , High ,2574,120,300,772200,115830,15.00%,656370,643500,98.04%,12870,1.67%,Low,11/1/2013,11, November ,2013
Government,Mexico, Carretera , High ,2579,3,20,51580,7221.2,14.00%,44358.8,25790,58.14%,18568.8,36.00%,Medium,4/1/2014,4, April ,2014
Government,Germany, Carretera , Low ,2580,3,20,51600,1548,3.00%,50052,25800,51.55%,24252,47.00%,High,4/1/2014,4, April ,2014
Small Business,Mexico, Velo , High ,2605,120,300,781500,101595,13.00%,679905,651250,95.79%,28655,3.67%,Low,11/1/2013,11, November ,2013
Midmarket,France, Paseo , Medium ,2620,10,15,39300,1965,5.00%,37335,26200,70.18%,11135,28.33%,Medium,9/1/2014,9, September ,2014
Midmarket,Mexico, Velo , Medium ,2628,120,15,39420,3547.8,9.00%,35872.2,26280,73.26%,9592.2,24.33%,Medium,4/1/2014,4, April ,2014
Government,Mexico, Amarilla , High ,2629,260,20,52580,5783.8,11.00%,46796.2,26290,56.18%,20506.2,39.00%,Medium,1/1/2014,1, January ,2014
Government,Canada, Paseo , High ,2632,10,350,921200,119756,13.00%,801444,684320,85.39%,117124,12.71%,Low,6/1/2014,6, June ,2014
Government,Canada, Velo , High ,2632,120,350,921200,119756,13.00%,801444,684320,85.39%,117124,12.71%,Low,6/1/2014,6, June ,2014
Government,United States of America, Paseo , High ,2641,10,20,52820,6866.6,13.00%,45953.4,26410,57.47%,19543.4,37.00%,Medium,2/1/2014,2, February ,2014
Government,Canada, Velo , Low ,2646,120,20,52920,2116.8,4.00%,50803.2,26460,52.08%,24343.2,46.00%,High,9/1/2013,9, September ,2013
Small Business,Germany, VTT , Medium ,2659,250,300,797700,71793,9.00%,725907,664750,91.58%,61157,7.67%,Low,2/1/2014,2, February ,2014
Channel Partners,Mexico, Montana , High ,2661,5,12,31932,3831.84,12.00%,28100.16,7983,28.41%,20117.16,63.00%,High,5/1/2014,5, May ,2014
Government,United States of America, Paseo , Medium ,2663,10,20,53260,2663,5.00%,50597,26630,52.63%,23967,45.00%,High,12/1/2014,12, December ,2014
Government,United States of America, VTT , Medium ,2663,250,20,53260,2663,5.00%,50597,26630,52.63%,23967,45.00%,High,12/1/2014,12, December ,2014
Government,Germany, Velo , High ,2665,120,7,18655,1865.5,10.00%,16789.5,13325,79.37%,3464.5,18.57%,Medium,11/1/2014,11, November ,2014
Enterprise,Canada, Montana ,,2665.5,5,125,333187.5,0,0.00%,333187.5,319860,96.00%,13327.5,4.00%,Low,7/1/2014,7, July ,2014
Channel Partners,France, Carretera , Low ,2671,3,12,32052,320.52,1.00%,31731.48,8013,25.25%,23718.48,74.00%,High,9/1/2014,9, September ,2014
Government,France, VTT , Medium ,2682,250,20,53640,4827.6,9.00%,48812.4,26820,54.95%,21992.4,41.00%,High,11/1/2013,11, November ,2013
Midmarket,Canada, Carretera , High ,2689,3,15,40335,4840.2,12.00%,35494.8,26890,75.76%,8604.8,21.33%,Medium,11/1/2014,11, November ,2014
Government,Mexico, Paseo , Medium ,2689,10,7,18823,941.15,5.00%,17881.85,13445,75.19%,4436.85,23.57%,Medium,10/1/2014,10, October ,2014
Government,Mexico, VTT , Medium ,2689,250,7,18823,941.15,5.00%,17881.85,13445,75.19%,4436.85,23.57%,Medium,10/1/2014,10, October ,2014
Government,France, Paseo , High ,2696,10,7,18872,2453.36,13.00%,16418.64,13480,82.10%,2938.64,15.57%,Medium,8/1/2014,8, August ,2014
Government,Mexico, Carretera , High ,2706,3,7,18942,2083.62,11.00%,16858.38,13530,80.26%,3328.38,17.57%,Medium,11/1/2013,11, November ,2013
Government,Germany, Paseo , High ,2708,10,20,54160,7040.8,13.00%,47119.2,27080,57.47%,20039.2,37.00%,Medium,2/1/2014,2, February ,2014
Channel Partners,United States of America, Montana , Medium ,2723,5,12,32676,1960.56,6.00%,30715.44,8169,26.60%,22546.44,69.00%,High,11/1/2014,11, November ,2014
Enterprise,Canada, Paseo , Low ,2729,10,125,341125,6822.5,2.00%,334302.5,327480,97.96%,6822.5,2.00%,Low,12/1/2014,12, December ,2014
Enterprise,Canada, VTT , Low ,2729,250,125,341125,6822.5,2.00%,334302.5,327480,97.96%,6822.5,2.00%,Low,12/1/2014,12, December ,2014
Government,Canada, Montana , High ,2734,5,7,19138,2296.56,12.00%,16841.44,13670,81.17%,3171.44,16.57%,Medium,10/1/2014,10, October ,2014
Government,Canada, Amarilla , High ,2734,260,7,19138,2296.56,12.00%,16841.44,13670,81.17%,3171.44,16.57%,Medium,10/1/2014,10, October ,2014
Small Business,Mexico, VTT , Medium ,2747,250,300,824100,57687,7.00%,766413,686750,89.61%,79663,9.67%,Low,2/1/2014,2, February ,2014
Government,France, Amarilla ,,2750,260,350,962500,0,0.00%,962500,715000,74.29%,247500,25.71%,Medium,2/1/2014,2, February ,2014
Enterprise,United States of America, Velo , Medium ,2755,120,125,344375,20662.5,6.00%,323712.5,330600,102.13%,-6887.5,-2.00%,Low,2/1/2014,2, February ,2014
Channel Partners,Canada, Amarilla , High ,2761,260,12,33132,3975.84,12.00%,29156.16,8283,28.41%,20873.16,63.00%,High,9/1/2013,9, September ,2013
Channel Partners,Mexico, Paseo , Medium ,2763,10,12,33156,2320.92,7.00%,30835.08,8289,26.88%,22546.08,68.00%,High,11/1/2013,11, November ,2013
Enterprise,Germany, Carretera , High ,2767,3,125,345875,51881.25,15.00%,293993.75,332040,112.94%,-38046.25,-11.00%,Low,8/1/2014,8, August ,2014
Midmarket,Mexico, Carretera , Medium ,2791,3,15,41865,2093.25,5.00%,39771.75,27910,70.18%,11861.75,28.33%,Medium,11/1/2014,11, November ,2014
Enterprise,United States of America, Montana , Medium ,2797,5,125,349625,31466.25,9.00%,318158.75,335640,105.49%,-17481.25,-5.00%,Low,12/1/2014,12, December ,2014
Enterprise,United States of America, Paseo , Medium ,2797,10,125,349625,31466.25,9.00%,318158.75,335640,105.49%,-17481.25,-5.00%,Low,12/1/2014,12, December ,2014
Government,France, Velo , High ,2805,120,20,56100,6171,11.00%,49929,28050,56.18%,21879,39.00%,Medium,9/1/2013,9, September ,2013
Government,United States of America, VTT , High ,2807,250,350,982450,98245,10.00%,884205,729820,82.54%,154385,15.71%,Medium,8/1/2014,8, August ,2014
Small Business,Germany, Carretera , High ,2811,3,300,843300,92763,11.00%,750537,702750,93.63%,47787,5.67%,Low,7/1/2014,7, July ,2014
Enterprise,United States of America, Velo ,,2821,120,125,352625,0,0.00%,352625,338520,96.00%,14105,4.00%,Low,8/1/2014,8, August ,2014
Enterprise,Mexico, Carretera , High ,2821,3,125,352625,49367.5,14.00%,303257.5,338520,111.63%,-35262.5,-10.00%,Low,12/1/2013,12, December ,2013
Midmarket,France, Velo , High ,2826,120,15,42390,6358.5,15.00%,36031.5,28260,78.43%,7771.5,18.33%,Medium,5/1/2014,5, May ,2014
Government,United States of America, Velo , Medium ,2832,120,20,56640,2832,5.00%,53808,28320,52.63%,25488,45.00%,High,8/1/2014,8, August ,2014
Channel Partners,Germany, VTT ,,2838,250,12,34056,0,0.00%,34056,8514,25.00%,25542,75.00%,High,4/1/2014,4, April ,2014
Small Business,United States of America, VTT , Low ,2844,250,300,853200,25596,3.00%,827604,711000,85.91%,116604,13.67%,Low,2/1/2014,2, February ,2014
Midmarket,Canada, Carretera , Medium ,2844,3,15,42660,2559.6,6.00%,40100.4,28440,70.92%,11660.4,27.33%,Medium,6/1/2014,6, June ,2014
Midmarket,Canada, VTT , Medium ,2844,250,15,42660,2559.6,6.00%,40100.4,28440,70.92%,11660.4,27.33%,Medium,6/1/2014,6, June ,2014
Enterprise,United States of America, Amarilla , High ,2844,260,125,355500,49770,14.00%,305730,341280,111.63%,-35550,-10.00%,Low,5/1/2014,5, May ,2014
Government,Mexico, Paseo , High ,2851,10,350,997850,149677.5,15.00%,848172.5,741260,87.39%,106912.5,10.71%,Low,5/1/2014,5, May ,2014
Government,Canada, Carretera , Low ,2851,3,7,19957,798.28,4.00%,19158.72,14255,74.40%,4903.72,24.57%,Medium,10/1/2013,10, October ,2013
Government,Canada, Montana , Low ,2851,5,7,19957,798.28,4.00%,19158.72,14255,74.40%,4903.72,24.57%,Medium,10/1/2013,10, October ,2013
Government,Canada, Carretera , Low ,2852,3,350,998200,19964,2.00%,978236,741520,75.80%,236716,23.71%,Medium,12/1/2014,12, December ,2014
Government,Canada, Paseo , Low ,2852,10,350,998200,19964,2.00%,978236,741520,75.80%,236716,23.71%,Medium,12/1/2014,12, December ,2014
Midmarket,Mexico, Velo , Medium ,2861,120,15,42915,2145.75,5.00%,40769.25,28610,70.18%,12159.25,28.33%,Medium,1/1/2014,1, January ,2014
Government,France, Amarilla , Medium ,2876,260,350,1006600,70462,7.00%,936138,747760,79.88%,188378,18.71%,Medium,9/1/2014,9, September ,2014
Government,Germany, Velo , Low ,2877,120,350,1006950,20139,2.00%,986811,748020,75.80%,238791,23.71%,Medium,10/1/2014,10, October ,2014
Government,Germany, VTT , Low ,2877,250,350,1006950,20139,2.00%,986811,748020,75.80%,238791,23.71%,Medium,10/1/2014,10, October ,2014
Government,Mexico, VTT , High ,2903,250,7,20321,2844.94,14.00%,17476.06,14515,83.06%,2961.06,14.57%,Low,3/1/2014,3, March ,2014
Small Business,United States of America, Paseo , Low ,2905,10,300,871500,8715,1.00%,862785,726250,84.18%,136535,15.67%,Medium,11/1/2014,11, November ,2014
Government,United States of America, Velo , Medium ,2907,120,7,20349,1627.92,8.00%,18721.08,14535,77.64%,4186.08,20.57%,Medium,6/1/2014,6, June ,2014
Government,United States of America, Amarilla , Medium ,2907,260,7,20349,1627.92,8.00%,18721.08,14535,77.64%,4186.08,20.57%,Medium,6/1/2014,6, June ,2014
Channel Partners,United States of America, Paseo , High ,2914,10,12,34968,4895.52,14.00%,30072.48,8742,29.07%,21330.48,61.00%,High,10/1/2014,10, October ,2014
Channel Partners,United States of America, Amarilla , High ,2914,260,12,34968,4895.52,14.00%,30072.48,8742,29.07%,21330.48,61.00%,High,10/1/2014,10, October ,2014
Small Business,United States of America, Paseo , Low ,2918,10,300,875400,35016,4.00%,840384,729500,86.81%,110884,12.67%,Low,5/1/2014,5, May ,2014
Midmarket,United States of America, Paseo , Medium ,2931,10,15,43965,3077.55,7.00%,40887.45,29310,71.68%,11577.45,26.33%,Medium,9/1/2013,9, September ,2013
Government,Canada, VTT , High ,2935,250,20,58700,6457,11.00%,52243,29350,56.18%,22893,39.00%,Medium,11/1/2013,11, November ,2013
Enterprise,Canada, VTT , High ,2954,250,125,369250,55387.5,15.00%,313862.5,354480,112.94%,-40617.5,-11.00%,Low,11/1/2013,11, November ,2013
Government,Germany, Velo , Low ,2966,120,350,1038100,20762,2.00%,1017338,771160,75.80%,246178,23.71%,Medium,10/1/2013,10, October ,2013
Government,Germany, Amarilla , Low ,2966,260,350,1038100,20762,2.00%,1017338,771160,75.80%,246178,23.71%,Medium,10/1/2013,10, October ,2013
Enterprise,France, Paseo , Low ,2988,10,125,373500,14940,4.00%,358560,358560,100.00%,0,0.00%,Low,7/1/2014,7, July ,2014
Government,Germany, Montana , High ,2992,5,20,59840,6582.4,11.00%,53257.6,29920,56.18%,23337.6,39.00%,Medium,10/1/2013,10, October ,2013
Government,Germany, Paseo , High ,2992,10,20,59840,6582.4,11.00%,53257.6,29920,56.18%,23337.6,39.00%,Medium,10/1/2013,10, October ,2013
Enterprise,United States of America, Paseo , Medium ,2992,10,125,374000,18700,5.00%,355300,359040,101.05%,-3740,-1.00%,Low,3/1/2014,3, March ,2014
Small Business,United States of America, Amarilla , High ,2993,260,300,897900,89790,10.00%,808110,748250,92.59%,59860,6.67%,Low,3/1/2014,3, March ,2014
Government,Mexico, Paseo , Medium ,2993,10,20,59860,4788.8,8.00%,55071.2,29930,54.35%,25141.2,42.00%,High,9/1/2014,9, September ,2014
Government,United States of America, Carretera , High ,2996,3,7,20972,2936.08,14.00%,18035.92,14980,83.06%,3055.92,14.57%,Low,10/1/2013,10, October ,2013
Government,United States of America, Montana , High ,2996,5,7,20972,2936.08,14.00%,18035.92,14980,83.06%,3055.92,14.57%,Low,10/1/2013,10, October ,2013
Enterprise,Germany, Amarilla , High ,3165,260,125,395625,43518.75,11.00%,352106.25,379800,107.87%,-27693.75,-7.00%,Low,1/1/2014,1, January ,2014
Midmarket,United States of America, Amarilla , High ,3199.5,260,15,47992.5,5279.18,11.00%,42713.33,31995,74.91%,10718.33,22.33%,Medium,7/1/2014,7, July ,2014
Channel Partners,Canada, VTT , Medium ,3244.5,250,12,38934,2725.38,7.00%,36208.62,9733.5,26.88%,26475.12,68.00%,High,1/1/2014,1, January ,2014
Government,France, Amarilla , High ,3421.5,260,7,23950.5,2874.06,12.00%,21076.44,17107.5,81.17%,3968.94,16.57%,Medium,7/1/2014,7, July ,2014
Enterprise,United States of America, Carretera , High ,3445.5,3,125,430687.5,43068.75,10.00%,387618.75,413460,106.67%,-25841.25,-6.00%,Low,4/1/2014,4, April ,2014
Government,United States of America, Paseo , Low ,3450,10,350,1207500,48300,4.00%,1159200,897000,77.38%,262200,21.71%,Medium,7/1/2014,7, July ,2014
Small Business,United States of America, Paseo , High ,3495,10,300,1048500,125820,12.00%,922680,873750,94.70%,48930,4.67%,Low,1/1/2014,1, January ,2014
Enterprise,Germany, Paseo , Medium ,3513,10,125,439125,30738.75,7.00%,408386.25,421560,103.23%,-13173.75,-3.00%,Low,7/1/2014,7, July ,2014
Channel Partners,Canada, Amarilla , High ,3520.5,260,12,42246,4224.6,10.00%,38021.4,10561.5,27.78%,27459.9,65.00%,High,4/1/2014,4, April ,2014
Enterprise,United States of America, Montana , Medium ,3627,5,125,453375,22668.75,5.00%,430706.25,435240,101.05%,-4533.75,-1.00%,Low,7/1/2014,7, July ,2014
Midmarket,United States of America, Paseo , Medium ,3675,10,15,55125,4961.25,9.00%,50163.75,36750,73.26%,13413.75,24.33%,Medium,4/1/2014,4, April ,2014
Small Business,Canada, Velo , Medium ,3793.5,120,300,1138050,102424.5,9.00%,1035625.5,948375,91.58%,87250.5,7.67%,Low,7/1/2014,7, July ,2014
Midmarket,France, Paseo , Medium ,3801,10,15,57015,3420.9,6.00%,53594.1,38010,70.92%,15584.1,27.33%,Medium,4/1/2014,4, April ,2014
Small Business,Canada, Montana , Medium ,3802.5,5,300,1140750,102667.5,9.00%,1038082.5,950625,91.58%,87457.5,7.67%,Low,4/1/2014,4, April ,2014
Government,Canada, Velo , Low ,3850.5,120,20,77010,2310.3,3.00%,74699.7,38505,51.55%,36194.7,47.00%,High,4/1/2014,4, April ,2014
Government,France, Velo , Low ,3864,120,20,77280,772.8,1.00%,76507.2,38640,50.51%,37867.2,49.00%,High,4/1/2014,4, April ,2014
Midmarket,France, VTT , High ,3874.5,250,15,58117.5,6974.1,12.00%,51143.4,38745,75.76%,12398.4,21.33%,Medium,7/1/2014,7, July ,2014
Government,France, Paseo , Low ,3945,10,7,27615,276.15,1.00%,27338.85,19725,72.15%,7613.85,27.57%,Medium,1/1/2014,1, January ,2014
Midmarket,France, Velo , High ,3997.5,120,15,59962.5,7795.13,13.00%,52167.38,39975,76.63%,12192.38,20.33%,Medium,1/1/2014,1, January ,2014
Channel Partners,Canada, Paseo , High ,4026,10,12,48312,5314.32,11.00%,42997.68,12078,28.09%,30919.68,64.00%,High,7/1/2014,7, July ,2014
Enterprise,Germany, Amarilla ,,4219.5,260,125,527437.5,0,0.00%,527437.5,506340,96.00%,21097.5,4.00%,Low,4/1/2014,4, April ,2014
Enterprise,France, Carretera , Low ,4243.5,3,125,530437.5,15913.13,3.00%,514524.38,509220,98.97%,5304.38,1.00%,Low,4/1/2014,4, April ,2014
Government,Canada, Paseo , Low ,4251,10,7,29757,1190.28,4.00%,28566.72,21255,74.40%,7311.72,24.57%,Medium,1/1/2014,1, January ,2014
Government,United States of America, Paseo , Low ,4492.5,10,7,31447.5,314.48,1.00%,31133.03,22462.5,72.15%,8670.53,27.57%,Medium,4/1/2014,4, April ,2014
,,,,,,,,,,,,,,,,,,,
